route_type,decision_type,kind,reason_name,position,requires_explanation,audience
MatchRoutes::Default,MatchDecisions::MatchRecommendationDndStaff,decline,Client has another housing option,0,false,
MatchRoutes::Default,MatchDecisions::MatchRecommendationDndStaff,decline,Client won't be eligible based on funding source,1,false,
MatchRoutes::Default,MatchDecisions::MatchRecommendationDndStaff,decline,Client won't be eligible for housing type,2,false,
MatchRoutes::Default,MatchDecisions::MatchRecommendationDndStaff,decline,Client won't be eligible for services,3,false,
MatchRoutes::Default,MatchDecisions::MatchRecommendationDndStaff,decline,Other,4,false,
MatchRoutes::Default,MatchDecisions::MatchRecommendationDndStaff,cancel,Client deceased,0,false,
MatchRoutes::Default,MatchDecisions::MatchRecommendationDndStaff,cancel,Client has declined match,1,false,
MatchRoutes::Default,MatchDecisions::MatchRecommendationDndStaff,cancel,Client has disappeared,2,false,
MatchRoutes::Default,MatchDecisions::MatchRecommendationDndStaff,cancel,Client has disengaged,3,false,
MatchRoutes::Default,MatchDecisions::MatchRecommendationDndStaff,cancel,Client no longer eligible for match,4,false,
MatchRoutes::Default,MatchDecisions::MatchRecommendationDndStaff,cancel,Client received another housing opportunity,5,false,
MatchRoutes::Default,MatchDecisions::MatchRecommendationDndStaff,cancel,HSP CORI,6,false,
MatchRoutes::Default,MatchDecisions::MatchRecommendationDndStaff,cancel,Incarcerated,7,false,
MatchRoutes::Default,MatchDecisions::MatchRecommendationDndStaff,cancel,Match expired,8,false,
MatchRoutes::Default,MatchDecisions::MatchRecommendationDndStaff,cancel,SSP CORI,9,false,
MatchRoutes::Default,MatchDecisions::MatchRecommendationDndStaff,cancel,Vacancy filled by other client,10,false,
MatchRoutes::Default,MatchDecisions::MatchRecommendationDndStaff,cancel,Vacancy should not have been entered,11,false,
MatchRoutes::Default,MatchDecisions::MatchRecommendationDndStaff,cancel,Other,12,false,
MatchRoutes::Default,MatchDecisions::MatchRecommendationShelterAgency,decline,Client has another housing option,0,true,
MatchRoutes::Default,MatchDecisions::MatchRecommendationShelterAgency,decline,Client refused unit (non-SRO),1,true,
MatchRoutes::Default,MatchDecisions::MatchRecommendationShelterAgency,decline,Client refused voucher,2,true,
MatchRoutes::Default,MatchDecisions::MatchRecommendationShelterAgency,decline,Does not agree to services,3,true,
MatchRoutes::Default,MatchDecisions::MatchRecommendationShelterAgency,decline,Does not want housing at this time,4,true,
MatchRoutes::Default,MatchDecisions::MatchRecommendationShelterAgency,decline,Unsafe environment for this person,5,true,
MatchRoutes::Default,MatchDecisions::MatchRecommendationShelterAgency,decline,Unwilling to live in SRO,6,true,
MatchRoutes::Default,MatchDecisions::MatchRecommendationShelterAgency,decline,Unwilling to live in that neighborhood,7,true,
MatchRoutes::Default,MatchDecisions::MatchRecommendationShelterAgency,decline,Other,8,false,
MatchRoutes::Default,MatchDecisions::MatchRecommendationShelterAgency,cancel,Client deceased,0,false,
MatchRoutes::Default,MatchDecisions::MatchRecommendationShelterAgency,cancel,Client has declined match,1,false,
MatchRoutes::Default,MatchDecisions::MatchRecommendationShelterAgency,cancel,Client has disappeared,2,false,
MatchRoutes::Default,MatchDecisions::MatchRecommendationShelterAgency,cancel,Client has disengaged,3,false,
MatchRoutes::Default,MatchDecisions::MatchRecommendationShelterAgency,cancel,Client no longer eligible for match,4,false,
MatchRoutes::Default,MatchDecisions::MatchRecommendationShelterAgency,cancel,Client received another housing opportunity,5,false,
MatchRoutes::Default,MatchDecisions::MatchRecommendationShelterAgency,cancel,HSP CORI,6,false,
MatchRoutes::Default,MatchDecisions::MatchRecommendationShelterAgency,cancel,Incarcerated,7,false,
MatchRoutes::Default,MatchDecisions::MatchRecommendationShelterAgency,cancel,Match expired,8,false,
MatchRoutes::Default,MatchDecisions::MatchRecommendationShelterAgency,cancel,SSP CORI,9,false,
MatchRoutes::Default,MatchDecisions::MatchRecommendationShelterAgency,cancel,Vacancy filled by other client,10,false,
MatchRoutes::Default,MatchDecisions::MatchRecommendationShelterAgency,cancel,Vacancy should not have been entered,11,false,
MatchRoutes::Default,MatchDecisions::MatchRecommendationShelterAgency,cancel,Other,12,false,
MatchRoutes::Default,MatchDecisions::ScheduleCriminalHearingHousingSubsidyAdmin,decline,Client has another housing option,0,true,
MatchRoutes::Default,MatchDecisions::ScheduleCriminalHearingHousingSubsidyAdmin,decline,Client refused unit (non-SRO),1,true,
MatchRoutes::Default,MatchDecisions::ScheduleCriminalHearingHousingSubsidyAdmin,decline,Client refused voucher,2,true,
MatchRoutes::Default,MatchDecisions::ScheduleCriminalHearingHousingSubsidyAdmin,decline,Does not agree to services,3,true,
MatchRoutes::Default,MatchDecisions::ScheduleCriminalHearingHousingSubsidyAdmin,decline,Does not want housing at this time,4,true,
MatchRoutes::Default,MatchDecisions::ScheduleCriminalHearingHousingSubsidyAdmin,decline,Health and Safety,5,true,
MatchRoutes::Default,MatchDecisions::ScheduleCriminalHearingHousingSubsidyAdmin,decline,Unsafe environment for this person,6,true,
MatchRoutes::Default,MatchDecisions::ScheduleCriminalHearingHousingSubsidyAdmin,decline,Unwilling to live in SRO,7,true,
MatchRoutes::Default,MatchDecisions::ScheduleCriminalHearingHousingSubsidyAdmin,decline,Unwilling to live in that neighborhood,8,true,
MatchRoutes::Default,MatchDecisions::ScheduleCriminalHearingHousingSubsidyAdmin,cancel,Client deceased,0,false,
MatchRoutes::Default,MatchDecisions::ScheduleCriminalHearingHousingSubsidyAdmin,cancel,Client has declined match,1,false,
MatchRoutes::Default,MatchDecisions::ScheduleCriminalHearingHousingSubsidyAdmin,cancel,Client has disappeared,2,false,
MatchRoutes::Default,MatchDecisions::ScheduleCriminalHearingHousingSubsidyAdmin,cancel,Client has disengaged,3,false,
MatchRoutes::Default,MatchDecisions::ScheduleCriminalHearingHousingSubsidyAdmin,cancel,Client no longer eligible for match,4,false,
MatchRoutes::Default,MatchDecisions::ScheduleCriminalHearingHousingSubsidyAdmin,cancel,Client received another housing opportunity,5,false,
MatchRoutes::Default,MatchDecisions::ScheduleCriminalHearingHousingSubsidyAdmin,cancel,HSP CORI,6,false,
MatchRoutes::Default,MatchDecisions::ScheduleCriminalHearingHousingSubsidyAdmin,cancel,Incarcerated,7,false,
MatchRoutes::Default,MatchDecisions::ScheduleCriminalHearingHousingSubsidyAdmin,cancel,Match expired,8,false,
MatchRoutes::Default,MatchDecisions::ScheduleCriminalHearingHousingSubsidyAdmin,cancel,SSP CORI,9,false,
MatchRoutes::Default,MatchDecisions::ScheduleCriminalHearingHousingSubsidyAdmin,cancel,Vacancy filled by other client,10,false,
MatchRoutes::Default,MatchDecisions::ScheduleCriminalHearingHousingSubsidyAdmin,cancel,Vacancy should not have been entered,11,false,
MatchRoutes::Default,MatchDecisions::ScheduleCriminalHearingHousingSubsidyAdmin,cancel,Other,12,false,
MatchRoutes::Default,MatchDecisions::ApproveMatchHousingSubsidyAdmin,cancel,Client deceased,0,false,
MatchRoutes::Default,MatchDecisions::ApproveMatchHousingSubsidyAdmin,cancel,Client has declined match,1,false,
MatchRoutes::Default,MatchDecisions::ApproveMatchHousingSubsidyAdmin,cancel,Client has disappeared,2,false,
MatchRoutes::Default,MatchDecisions::ApproveMatchHousingSubsidyAdmin,cancel,Client has disengaged,3,false,
MatchRoutes::Default,MatchDecisions::ApproveMatchHousingSubsidyAdmin,cancel,Client no longer eligible for match,4,false,
MatchRoutes::Default,MatchDecisions::ApproveMatchHousingSubsidyAdmin,cancel,Client received another housing opportunity,5,false,
MatchRoutes::Default,MatchDecisions::ApproveMatchHousingSubsidyAdmin,cancel,HSP CORI,6,false,
MatchRoutes::Default,MatchDecisions::ApproveMatchHousingSubsidyAdmin,cancel,Incarcerated,7,false,
MatchRoutes::Default,MatchDecisions::ApproveMatchHousingSubsidyAdmin,cancel,Match expired,8,false,
MatchRoutes::Default,MatchDecisions::ApproveMatchHousingSubsidyAdmin,cancel,SSP CORI,9,false,
MatchRoutes::Default,MatchDecisions::ApproveMatchHousingSubsidyAdmin,cancel,Vacancy filled by other client,10,false,
MatchRoutes::Default,MatchDecisions::ApproveMatchHousingSubsidyAdmin,cancel,Vacancy should not have been entered,11,false,
MatchRoutes::Default,MatchDecisions::ApproveMatchHousingSubsidyAdmin,cancel,Other,12,false,
MatchRoutes::Default,MatchDecisions::RecordClientHousedDateHousingSubsidyAdministrator,decline,Client has another housing option,0,false,
MatchRoutes::Default,MatchDecisions::RecordClientHousedDateHousingSubsidyAdministrator,decline,Client refused unit (non-SRO),1,false,
MatchRoutes::Default,MatchDecisions::RecordClientHousedDateHousingSubsidyAdministrator,decline,Client refused voucher,2,false,
MatchRoutes::Default,MatchDecisions::RecordClientHousedDateHousingSubsidyAdministrator,decline,Does not agree to services,3,false,
MatchRoutes::Default,MatchDecisions::RecordClientHousedDateHousingSubsidyAdministrator,decline,Does not want housing at this time,4,false,
MatchRoutes::Default,MatchDecisions::RecordClientHousedDateHousingSubsidyAdministrator,decline,Health and Safety,5,false,
MatchRoutes::Default,MatchDecisions::RecordClientHousedDateHousingSubsidyAdministrator,decline,Unsafe environment for this person,6,false,
MatchRoutes::Default,MatchDecisions::RecordClientHousedDateHousingSubsidyAdministrator,decline,Unwilling to live in SRO,7,false,
MatchRoutes::Default,MatchDecisions::RecordClientHousedDateHousingSubsidyAdministrator,decline,Unwilling to live in that neighborhood,8,false,
MatchRoutes::Default,MatchDecisions::RecordClientHousedDateHousingSubsidyAdministrator,cancel,Client deceased,0,false,
MatchRoutes::Default,MatchDecisions::RecordClientHousedDateHousingSubsidyAdministrator,cancel,Client has declined match,1,false,
MatchRoutes::Default,MatchDecisions::RecordClientHousedDateHousingSubsidyAdministrator,cancel,Client has disappeared,2,false,
MatchRoutes::Default,MatchDecisions::RecordClientHousedDateHousingSubsidyAdministrator,cancel,Client has disengaged,3,false,
MatchRoutes::Default,MatchDecisions::RecordClientHousedDateHousingSubsidyAdministrator,cancel,Client no longer eligible for match,4,false,
MatchRoutes::Default,MatchDecisions::RecordClientHousedDateHousingSubsidyAdministrator,cancel,Client received another housing opportunity,5,false,
MatchRoutes::Default,MatchDecisions::RecordClientHousedDateHousingSubsidyAdministrator,cancel,HSP CORI,6,false,
MatchRoutes::Default,MatchDecisions::RecordClientHousedDateHousingSubsidyAdministrator,cancel,Incarcerated,7,false,
MatchRoutes::Default,MatchDecisions::RecordClientHousedDateHousingSubsidyAdministrator,cancel,Match expired,8,false,
MatchRoutes::Default,MatchDecisions::RecordClientHousedDateHousingSubsidyAdministrator,cancel,SSP CORI,9,false,
MatchRoutes::Default,MatchDecisions::RecordClientHousedDateHousingSubsidyAdministrator,cancel,Vacancy filled by other client,10,false,
MatchRoutes::Default,MatchDecisions::RecordClientHousedDateHousingSubsidyAdministrator,cancel,Vacancy should not have been entered,11,false,
MatchRoutes::Default,MatchDecisions::RecordClientHousedDateHousingSubsidyAdministrator,cancel,Other,12,false,
MatchRoutes::Default,MatchDecisions::ConfirmMatchSuccessDndStaff,cancel,Client deceased,0,false,
MatchRoutes::Default,MatchDecisions::ConfirmMatchSuccessDndStaff,cancel,Client has declined match,1,false,
MatchRoutes::Default,MatchDecisions::ConfirmMatchSuccessDndStaff,cancel,Client has disappeared,2,false,
MatchRoutes::Default,MatchDecisions::ConfirmMatchSuccessDndStaff,cancel,Client has disengaged,3,false,
MatchRoutes::Default,MatchDecisions::ConfirmMatchSuccessDndStaff,cancel,Client no longer eligible for match,4,false,
MatchRoutes::Default,MatchDecisions::ConfirmMatchSuccessDndStaff,cancel,Client received another housing opportunity,5,false,
MatchRoutes::Default,MatchDecisions::ConfirmMatchSuccessDndStaff,cancel,HSP CORI,6,false,
MatchRoutes::Default,MatchDecisions::ConfirmMatchSuccessDndStaff,cancel,Incarcerated,7,false,
MatchRoutes::Default,MatchDecisions::ConfirmMatchSuccessDndStaff,cancel,Match expired,8,false,
MatchRoutes::Default,MatchDecisions::ConfirmMatchSuccessDndStaff,cancel,SSP CORI,9,false,
MatchRoutes::Default,MatchDecisions::ConfirmMatchSuccessDndStaff,cancel,Vacancy filled by other client,10,false,
MatchRoutes::Default,MatchDecisions::ConfirmMatchSuccessDndStaff,cancel,Vacancy should not have been entered,11,false,
MatchRoutes::Default,MatchDecisions::ConfirmMatchSuccessDndStaff,cancel,Other,12,false,
MatchRoutes::ProviderOnly,MatchDecisions::ProviderOnly::HsaAcknowledgesReceipt,cancel,Match expired,0,false,
MatchRoutes::ProviderOnly,MatchDecisions::ProviderOnly::HsaAcknowledgesReceipt,cancel,Vacancy filled by other client,1,false,
MatchRoutes::ProviderOnly,MatchDecisions::ProviderOnly::HsaAcknowledgesReceipt,cancel,Vacancy should not have been entered,2,false,
MatchRoutes::ProviderOnly,MatchDecisions::ProviderOnly::HsaAcknowledgesReceipt,cancel,Other,3,false,
MatchRoutes::ProviderOnly,MatchDecisions::ProviderOnly::HsaAcceptsClient,decline,Client refused offer,0,true,
MatchRoutes::ProviderOnly,MatchDecisions::ProviderOnly::HsaAcceptsClient,decline,Health and Safety,1,true,
MatchRoutes::ProviderOnly,MatchDecisions::ProviderOnly::HsaAcceptsClient,decline,Household could not be located,2,true,
MatchRoutes::ProviderOnly,MatchDecisions::ProviderOnly::HsaAcceptsClient,decline,Ineligible for Housing Program,3,true,
MatchRoutes::ProviderOnly,MatchDecisions::ProviderOnly::HsaAcceptsClient,decline,Other,4,false,
MatchRoutes::ProviderOnly,MatchDecisions::ProviderOnly::HsaAcceptsClient,cancel,Vacancy filled by other client,0,false,
MatchRoutes::ProviderOnly,MatchDecisions::ProviderOnly::HsaAcceptsClient,cancel,Vacancy should not have been entered,1,false,
MatchRoutes::ProviderOnly,MatchDecisions::ProviderOnly::HsaAcceptsClient,cancel,Other,2,false,
MatchRoutes::HomelessSetAside,MatchDecisions::HomelessSetAside::SetAsidesHsaAcceptsClient,decline,Client deceased,0,true,
MatchRoutes::HomelessSetAside,MatchDecisions::HomelessSetAside::SetAsidesHsaAcceptsClient,decline,Client has declined match,1,true,
MatchRoutes::HomelessSetAside,MatchDecisions::HomelessSetAside::SetAsidesHsaAcceptsClient,decline,Client has disengaged,2,true,
MatchRoutes::HomelessSetAside,MatchDecisions::HomelessSetAside::SetAsidesHsaAcceptsClient,decline,Client no longer eligible for match,3,true,
MatchRoutes::HomelessSetAside,MatchDecisions::HomelessSetAside::SetAsidesHsaAcceptsClient,decline,Client received another housing opportunity,4,true,
MatchRoutes::HomelessSetAside,MatchDecisions::HomelessSetAside::SetAsidesHsaAcceptsClient,decline,CORI,5,true,
MatchRoutes::HomelessSetAside,MatchDecisions::HomelessSetAside::SetAsidesHsaAcceptsClient,decline,Health and Safety,6,true,
MatchRoutes::HomelessSetAside,MatchDecisions::HomelessSetAside::SetAsidesHsaAcceptsClient,decline,Household could not be located,7,true,
MatchRoutes::HomelessSetAside,MatchDecisions::HomelessSetAside::SetAsidesHsaAcceptsClient,decline,Incarcerated,8,true,
MatchRoutes::HomelessSetAside,MatchDecisions::HomelessSetAside::SetAsidesHsaAcceptsClient,decline,Unwilling to live in SRO,9,true,
MatchRoutes::HomelessSetAside,MatchDecisions::HomelessSetAside::SetAsidesHsaAcceptsClient,decline,Unwilling to live in that neighborhood,10,true,
MatchRoutes::HomelessSetAside,MatchDecisions::HomelessSetAside::SetAsidesHsaAcceptsClient,decline,Vacancy filled by other client,11,true,
MatchRoutes::HomelessSetAside,MatchDecisions::HomelessSetAside::SetAsidesHsaAcceptsClient,decline,Other,12,false,
MatchRoutes::HomelessSetAside,MatchDecisions::HomelessSetAside::SetAsidesHsaAcceptsClient,cancel,Match expired,0,false,
MatchRoutes::HomelessSetAside,MatchDecisions::HomelessSetAside::SetAsidesHsaAcceptsClient,cancel,Vacancy should not have been entered,1,false,
MatchRoutes::HomelessSetAside,MatchDecisions::HomelessSetAside::SetAsidesHsaAcceptsClient,cancel,Other,2,false,
MatchRoutes::HomelessSetAside,MatchDecisions::HomelessSetAside::SetAsidesRecordClientHousedDateOrDeclineHousingSubsidyAdministrator,decline,Client deceased,0,true,
MatchRoutes::HomelessSetAside,MatchDecisions::HomelessSetAside::SetAsidesRecordClientHousedDateOrDeclineHousingSubsidyAdministrator,decline,Client has declined match,1,true,
MatchRoutes::HomelessSetAside,MatchDecisions::HomelessSetAside::SetAsidesRecordClientHousedDateOrDeclineHousingSubsidyAdministrator,decline,Client has disengaged,2,true,
MatchRoutes::HomelessSetAside,MatchDecisions::HomelessSetAside::SetAsidesRecordClientHousedDateOrDeclineHousingSubsidyAdministrator,decline,Client no longer eligible for match,3,true,
MatchRoutes::HomelessSetAside,MatchDecisions::HomelessSetAside::SetAsidesRecordClientHousedDateOrDeclineHousingSubsidyAdministrator,decline,Client received another housing opportunity,4,true,
MatchRoutes::HomelessSetAside,MatchDecisions::HomelessSetAside::SetAsidesRecordClientHousedDateOrDeclineHousingSubsidyAdministrator,decline,CORI,5,true,
MatchRoutes::HomelessSetAside,MatchDecisions::HomelessSetAside::SetAsidesRecordClientHousedDateOrDeclineHousingSubsidyAdministrator,decline,Health and Safety,6,true,
MatchRoutes::HomelessSetAside,MatchDecisions::HomelessSetAside::SetAsidesRecordClientHousedDateOrDeclineHousingSubsidyAdministrator,decline,Household could not be located,7,true,
MatchRoutes::HomelessSetAside,MatchDecisions::HomelessSetAside::SetAsidesRecordClientHousedDateOrDeclineHousingSubsidyAdministrator,decline,Incarcerated,8,true,
MatchRoutes::HomelessSetAside,MatchDecisions::HomelessSetAside::SetAsidesRecordClientHousedDateOrDeclineHousingSubsidyAdministrator,decline,Unwilling to live in SRO,9,true,
MatchRoutes::HomelessSetAside,MatchDecisions::HomelessSetAside::SetAsidesRecordClientHousedDateOrDeclineHousingSubsidyAdministrator,decline,Unwilling to live in that neighborhood,10,true,
MatchRoutes::HomelessSetAside,MatchDecisions::HomelessSetAside::SetAsidesRecordClientHousedDateOrDeclineHousingSubsidyAdministrator,decline,Vacancy filled by other client,11,true,
MatchRoutes::HomelessSetAside,MatchDecisions::HomelessSetAside::SetAsidesRecordClientHousedDateOrDeclineHousingSubsidyAdministrator,decline,Other,12,false,
MatchRoutes::HomelessSetAside,MatchDecisions::HomelessSetAside::SetAsidesRecordClientHousedDateOrDeclineHousingSubsidyAdministrator,cancel,Match expired,0,false,
MatchRoutes::HomelessSetAside,MatchDecisions::HomelessSetAside::SetAsidesRecordClientHousedDateOrDeclineHousingSubsidyAdministrator,cancel,Vacancy should not have been entered,1,false,
MatchRoutes::HomelessSetAside,MatchDecisions::HomelessSetAside::SetAsidesRecordClientHousedDateOrDeclineHousingSubsidyAdministrator,cancel,Other,2,false,
MatchRoutes::Four,MatchDecisions::Four::MatchRecommendationDndStaff,decline,Client has another housing option,0,false,
MatchRoutes::Four,MatchDecisions::Four::MatchRecommendationDndStaff,decline,Client won't be eligible based on funding source,1,false,
MatchRoutes::Four,MatchDecisions::Four::MatchRecommendationDndStaff,decline,Client won't be eligible for housing type,2,false,
MatchRoutes::Four,MatchDecisions::Four::MatchRecommendationDndStaff,decline,Client won't be eligible for services,3,false,
MatchRoutes::Four,MatchDecisions::Four::MatchRecommendationDndStaff,decline,Other,4,false,
MatchRoutes::Four,MatchDecisions::Four::MatchRecommendationDndStaff,cancel,Client deceased,0,false,
MatchRoutes::Four,MatchDecisions::Four::MatchRecommendationDndStaff,cancel,Client has declined match,1,false,
MatchRoutes::Four,MatchDecisions::Four::MatchRecommendationDndStaff,cancel,Client has disappeared,2,false,
MatchRoutes::Four,MatchDecisions::Four::MatchRecommendationDndStaff,cancel,Client has disengaged,3,false,
MatchRoutes::Four,MatchDecisions::Four::MatchRecommendationDndStaff,cancel,Client no longer eligible for match,4,false,
MatchRoutes::Four,MatchDecisions::Four::MatchRecommendationDndStaff,cancel,Client received another housing opportunity,5,false,
MatchRoutes::Four,MatchDecisions::Four::MatchRecommendationDndStaff,cancel,Housing Case Manager has disengaged,6,false,
MatchRoutes::Four,MatchDecisions::Four::MatchRecommendationDndStaff,cancel,Incarcerated,7,false,
MatchRoutes::Four,MatchDecisions::Four::MatchRecommendationDndStaff,cancel,Match expired – Agency interaction,8,false,
MatchRoutes::Four,MatchDecisions::Four::MatchRecommendationDndStaff,cancel,Match expired – No agency interaction,9,false,
MatchRoutes::Four,MatchDecisions::Four::MatchRecommendationDndStaff,cancel,Match expired – No Housing Case Manager interaction,10,false,
MatchRoutes::Four,MatchDecisions::Four::MatchRecommendationDndStaff,cancel,Match expired – No Shelter Agency interaction,11,false,
MatchRoutes::Four,MatchDecisions::Four::MatchRecommendationDndStaff,cancel,Match stalled - Agency has disengaged,12,false,
MatchRoutes::Four,MatchDecisions::Four::MatchRecommendationDndStaff,cancel,Match stalled – Housing Case Manager has disengaged,13,false,
MatchRoutes::Four,MatchDecisions::Four::MatchRecommendationDndStaff,cancel,Shelter Agency has disengaged,14,false,
MatchRoutes::Four,MatchDecisions::Four::MatchRecommendationDndStaff,cancel,Vacancy filled by other client,15,false,
MatchRoutes::Four,MatchDecisions::Four::MatchRecommendationDndStaff,cancel,Vacancy should not have been entered,16,false,
MatchRoutes::Four,MatchDecisions::Four::MatchRecommendationDndStaff,cancel,Other,17,false,
MatchRoutes::Four,MatchDecisions::Four::MatchRecommendationShelterAgency,decline,Client has another housing option,0,false,
MatchRoutes::Four,MatchDecisions::Four::MatchRecommendationShelterAgency,decline,Client refused unit (non-SRO),1,false,
MatchRoutes::Four,MatchDecisions::Four::MatchRecommendationShelterAgency,decline,Client refused voucher,2,false,
MatchRoutes::Four,MatchDecisions::Four::MatchRecommendationShelterAgency,decline,Does not agree to services,3,false,
MatchRoutes::Four,MatchDecisions::Four::MatchRecommendationShelterAgency,decline,Does not want housing at this time,4,false,
MatchRoutes::Four,MatchDecisions::Four::MatchRecommendationShelterAgency,decline,Unsafe environment for this person,5,false,
MatchRoutes::Four,MatchDecisions::Four::MatchRecommendationShelterAgency,decline,Unwilling to live in SRO,6,false,
MatchRoutes::Four,MatchDecisions::Four::MatchRecommendationShelterAgency,decline,Unwilling to live in that neighborhood,7,false,
MatchRoutes::Four,MatchDecisions::Four::MatchRecommendationShelterAgency,decline,Other,8,false,
MatchRoutes::Four,MatchDecisions::Four::MatchRecommendationShelterAgency,cancel,Client deceased,0,false,
MatchRoutes::Four,MatchDecisions::Four::MatchRecommendationShelterAgency,cancel,Client has declined match,1,false,
MatchRoutes::Four,MatchDecisions::Four::MatchRecommendationShelterAgency,cancel,Client has disappeared,2,false,
MatchRoutes::Four,MatchDecisions::Four::MatchRecommendationShelterAgency,cancel,Client has disengaged,3,false,
MatchRoutes::Four,MatchDecisions::Four::MatchRecommendationShelterAgency,cancel,Client no longer eligible for match,4,false,
MatchRoutes::Four,MatchDecisions::Four::MatchRecommendationShelterAgency,cancel,Client received another housing opportunity,5,false,
MatchRoutes::Four,MatchDecisions::Four::MatchRecommendationShelterAgency,cancel,Housing Case Manager has disengaged,6,false,
MatchRoutes::Four,MatchDecisions::Four::MatchRecommendationShelterAgency,cancel,Incarcerated,7,false,
MatchRoutes::Four,MatchDecisions::Four::MatchRecommendationShelterAgency,cancel,Match expired – Agency interaction,8,false,
MatchRoutes::Four,MatchDecisions::Four::MatchRecommendationShelterAgency,cancel,Match expired – No agency interaction,9,false,
MatchRoutes::Four,MatchDecisions::Four::MatchRecommendationShelterAgency,cancel,Match expired – No Housing Case Manager interaction,10,false,
MatchRoutes::Four,MatchDecisions::Four::MatchRecommendationShelterAgency,cancel,Match expired – No Shelter Agency interaction,11,false,
MatchRoutes::Four,MatchDecisions::Four::MatchRecommendationShelterAgency,cancel,Match stalled - Agency has disengaged,12,false,
MatchRoutes::Four,MatchDecisions::Four::MatchRecommendationShelterAgency,cancel,Match stalled – Housing Case Manager has disengaged,13,false,
MatchRoutes::Four,MatchDecisions::Four::MatchRecommendationShelterAgency,cancel,Shelter Agency has disengaged,14,false,
MatchRoutes::Four,MatchDecisions::Four::MatchRecommendationShelterAgency,cancel,Vacancy filled by other client,15,false,
MatchRoutes::Four,MatchDecisions::Four::MatchRecommendationShelterAgency,cancel,Vacancy should not have been entered,16,false,
MatchRoutes::Four,MatchDecisions::Four::MatchRecommendationShelterAgency,cancel,Other,17,false,
MatchRoutes::Four,MatchDecisions::Four::MatchRecommendationHsa,decline,Client has another housing option,0,false,
MatchRoutes::Four,MatchDecisions::Four::MatchRecommendationHsa,decline,Client refused unit (non-SRO),1,false,
MatchRoutes::Four,MatchDecisions::Four::MatchRecommendationHsa,decline,Client refused voucher,2,false,
MatchRoutes::Four,MatchDecisions::Four::MatchRecommendationHsa,decline,Does not agree to services,3,false,
MatchRoutes::Four,MatchDecisions::Four::MatchRecommendationHsa,decline,Does not want housing at this time,4,false,
MatchRoutes::Four,MatchDecisions::Four::MatchRecommendationHsa,decline,Unsafe environment for this person,5,false,
MatchRoutes::Four,MatchDecisions::Four::MatchRecommendationHsa,decline,Unwilling to live in SRO,6,false,
MatchRoutes::Four,MatchDecisions::Four::MatchRecommendationHsa,decline,Unwilling to live in that neighborhood,7,false,
MatchRoutes::Four,MatchDecisions::Four::MatchRecommendationHsa,decline,Other,8,false,
MatchRoutes::Four,MatchDecisions::Four::MatchRecommendationHsa,cancel,Client deceased,0,false,
MatchRoutes::Four,MatchDecisions::Four::MatchRecommendationHsa,cancel,Client has declined match,1,false,
MatchRoutes::Four,MatchDecisions::Four::MatchRecommendationHsa,cancel,Client has disappeared,2,false,
MatchRoutes::Four,MatchDecisions::Four::MatchRecommendationHsa,cancel,Client has disengaged,3,false,
MatchRoutes::Four,MatchDecisions::Four::MatchRecommendationHsa,cancel,Client no longer eligible for match,4,false,
MatchRoutes::Four,MatchDecisions::Four::MatchRecommendationHsa,cancel,Client received another housing opportunity,5,false,
MatchRoutes::Four,MatchDecisions::Four::MatchRecommendationHsa,cancel,Housing Case Manager has disengaged,6,false,
MatchRoutes::Four,MatchDecisions::Four::MatchRecommendationHsa,cancel,Incarcerated,7,false,
MatchRoutes::Four,MatchDecisions::Four::MatchRecommendationHsa,cancel,Match expired – Agency interaction,8,false,
MatchRoutes::Four,MatchDecisions::Four::MatchRecommendationHsa,cancel,Match expired – No agency interaction,9,false,
MatchRoutes::Four,MatchDecisions::Four::MatchRecommendationHsa,cancel,Match expired – No Housing Case Manager interaction,10,false,
MatchRoutes::Four,MatchDecisions::Four::MatchRecommendationHsa,cancel,Match expired – No Shelter Agency interaction,11,false,
MatchRoutes::Four,MatchDecisions::Four::MatchRecommendationHsa,cancel,Match stalled - Agency has disengaged,12,false,
MatchRoutes::Four,MatchDecisions::Four::MatchRecommendationHsa,cancel,Match stalled – Housing Case Manager has disengaged,13,false,
MatchRoutes::Four,MatchDecisions::Four::MatchRecommendationHsa,cancel,Shelter Agency has disengaged,14,false,
MatchRoutes::Four,MatchDecisions::Four::MatchRecommendationHsa,cancel,Vacancy filled by other client,15,false,
MatchRoutes::Four,MatchDecisions::Four::MatchRecommendationHsa,cancel,Vacancy should not have been entered,16,false,
MatchRoutes::Four,MatchDecisions::Four::MatchRecommendationHsa,cancel,Other,17,false,
MatchRoutes::Four,MatchDecisions::Four::ScheduleCriminalHearingHousingSubsidyAdmin,decline,Additional screening criteria imposed by third parties,0,false,
MatchRoutes::Four,MatchDecisions::Four::ScheduleCriminalHearingHousingSubsidyAdmin,decline,Client refused offer,1,false,
MatchRoutes::Four,MatchDecisions::Four::ScheduleCriminalHearingHousingSubsidyAdmin,decline,CORI,2,false,
MatchRoutes::Four,MatchDecisions::Four::ScheduleCriminalHearingHousingSubsidyAdmin,decline,Falsification of documents,3,false,
MatchRoutes::Four,MatchDecisions::Four::ScheduleCriminalHearingHousingSubsidyAdmin,decline,Health and Safety,4,false,
MatchRoutes::Four,MatchDecisions::Four::ScheduleCriminalHearingHousingSubsidyAdmin,decline,Household did not respond after initial acceptance of match,5,false,
MatchRoutes::Four,MatchDecisions::Four::ScheduleCriminalHearingHousingSubsidyAdmin,decline,Ineligible for Housing Program,6,false,
MatchRoutes::Four,MatchDecisions::Four::ScheduleCriminalHearingHousingSubsidyAdmin,decline,Self-resolved,7,false,
MatchRoutes::Four,MatchDecisions::Four::ScheduleCriminalHearingHousingSubsidyAdmin,decline,SORI,8,false,
MatchRoutes::Four,MatchDecisions::Four::ScheduleCriminalHearingHousingSubsidyAdmin,decline,Other,9,false,
MatchRoutes::Four,MatchDecisions::Four::ScheduleCriminalHearingHousingSubsidyAdmin,cancel,Client deceased,0,false,
MatchRoutes::Four,MatchDecisions::Four::ScheduleCriminalHearingHousingSubsidyAdmin,cancel,Client has declined match,1,false,
MatchRoutes::Four,MatchDecisions::Four::ScheduleCriminalHearingHousingSubsidyAdmin,cancel,Client has disappeared,2,false,
MatchRoutes::Four,MatchDecisions::Four::ScheduleCriminalHearingHousingSubsidyAdmin,cancel,Client has disengaged,3,false,
MatchRoutes::Four,MatchDecisions::Four::ScheduleCriminalHearingHousingSubsidyAdmin,cancel,Client no longer eligible for match,4,false,
MatchRoutes::Four,MatchDecisions::Four::ScheduleCriminalHearingHousingSubsidyAdmin,cancel,Client received another housing opportunity,5,false,
MatchRoutes::Four,MatchDecisions::Four::ScheduleCriminalHearingHousingSubsidyAdmin,cancel,Housing Case Manager has disengaged,6,false,
MatchRoutes::Four,MatchDecisions::Four::ScheduleCriminalHearingHousingSubsidyAdmin,cancel,Incarcerated,7,false,
MatchRoutes::Four,MatchDecisions::Four::ScheduleCriminalHearingHousingSubsidyAdmin,cancel,Match expired – Agency interaction,8,false,
MatchRoutes::Four,MatchDecisions::Four::ScheduleCriminalHearingHousingSubsidyAdmin,cancel,Match expired – No agency interaction,9,false,
MatchRoutes::Four,MatchDecisions::Four::ScheduleCriminalHearingHousingSubsidyAdmin,cancel,Match expired – No Housing Case Manager interaction,10,false,
MatchRoutes::Four,MatchDecisions::Four::ScheduleCriminalHearingHousingSubsidyAdmin,cancel,Match expired – No Shelter Agency interaction,11,false,
MatchRoutes::Four,MatchDecisions::Four::ScheduleCriminalHearingHousingSubsidyAdmin,cancel,Match stalled - Agency has disengaged,12,false,
MatchRoutes::Four,MatchDecisions::Four::ScheduleCriminalHearingHousingSubsidyAdmin,cancel,Match stalled – Housing Case Manager has disengaged,13,false,
MatchRoutes::Four,MatchDecisions::Four::ScheduleCriminalHearingHousingSubsidyAdmin,cancel,Shelter Agency has disengaged,14,false,
MatchRoutes::Four,MatchDecisions::Four::ScheduleCriminalHearingHousingSubsidyAdmin,cancel,Vacancy filled by other client,15,false,
MatchRoutes::Four,MatchDecisions::Four::ScheduleCriminalHearingHousingSubsidyAdmin,cancel,Vacancy should not have been entered,16,false,
MatchRoutes::Four,MatchDecisions::Four::ScheduleCriminalHearingHousingSubsidyAdmin,cancel,Other,17,false,
MatchRoutes::Four,MatchDecisions::Four::ApproveMatchHousingSubsidyAdmin,decline,Additional screening criteria imposed by third parties,0,false,
MatchRoutes::Four,MatchDecisions::Four::ApproveMatchHousingSubsidyAdmin,decline,Client refused offer,1,false,
MatchRoutes::Four,MatchDecisions::Four::ApproveMatchHousingSubsidyAdmin,decline,CORI,2,false,
MatchRoutes::Four,MatchDecisions::Four::ApproveMatchHousingSubsidyAdmin,decline,Falsification of documents,3,false,
MatchRoutes::Four,MatchDecisions::Four::ApproveMatchHousingSubsidyAdmin,decline,Health and Safety,4,false,
MatchRoutes::Four,MatchDecisions::Four::ApproveMatchHousingSubsidyAdmin,decline,Household did not respond after initial acceptance of match,5,false,
MatchRoutes::Four,MatchDecisions::Four::ApproveMatchHousingSubsidyAdmin,decline,Ineligible for Housing Program,6,false,
MatchRoutes::Four,MatchDecisions::Four::ApproveMatchHousingSubsidyAdmin,decline,Self-resolved,7,false,
MatchRoutes::Four,MatchDecisions::Four::ApproveMatchHousingSubsidyAdmin,decline,SORI,8,false,
MatchRoutes::Four,MatchDecisions::Four::ApproveMatchHousingSubsidyAdmin,decline,Other,9,false,
MatchRoutes::Four,MatchDecisions::Four::ApproveMatchHousingSubsidyAdmin,cancel,Client deceased,0,false,
MatchRoutes::Four,MatchDecisions::Four::ApproveMatchHousingSubsidyAdmin,cancel,Client has declined match,1,false,
MatchRoutes::Four,MatchDecisions::Four::ApproveMatchHousingSubsidyAdmin,cancel,Client has disappeared,2,false,
MatchRoutes::Four,MatchDecisions::Four::ApproveMatchHousingSubsidyAdmin,cancel,Client has disengaged,3,false,
MatchRoutes::Four,MatchDecisions::Four::ApproveMatchHousingSubsidyAdmin,cancel,Client no longer eligible for match,4,false,
MatchRoutes::Four,MatchDecisions::Four::ApproveMatchHousingSubsidyAdmin,cancel,Client received another housing opportunity,5,false,
MatchRoutes::Four,MatchDecisions::Four::ApproveMatchHousingSubsidyAdmin,cancel,Housing Case Manager has disengaged,6,false,
MatchRoutes::Four,MatchDecisions::Four::ApproveMatchHousingSubsidyAdmin,cancel,Incarcerated,7,false,
MatchRoutes::Four,MatchDecisions::Four::ApproveMatchHousingSubsidyAdmin,cancel,Match expired – Agency interaction,8,false,
MatchRoutes::Four,MatchDecisions::Four::ApproveMatchHousingSubsidyAdmin,cancel,Match expired – No agency interaction,9,false,
MatchRoutes::Four,MatchDecisions::Four::ApproveMatchHousingSubsidyAdmin,cancel,Match expired – No Housing Case Manager interaction,10,false,
MatchRoutes::Four,MatchDecisions::Four::ApproveMatchHousingSubsidyAdmin,cancel,Match expired – No Shelter Agency interaction,11,false,
MatchRoutes::Four,MatchDecisions::Four::ApproveMatchHousingSubsidyAdmin,cancel,Match stalled - Agency has disengaged,12,false,
MatchRoutes::Four,MatchDecisions::Four::ApproveMatchHousingSubsidyAdmin,cancel,Match stalled – Housing Case Manager has disengaged,13,false,
MatchRoutes::Four,MatchDecisions::Four::ApproveMatchHousingSubsidyAdmin,cancel,Shelter Agency has disengaged,14,false,
MatchRoutes::Four,MatchDecisions::Four::ApproveMatchHousingSubsidyAdmin,cancel,Vacancy filled by other client,15,false,
MatchRoutes::Four,MatchDecisions::Four::ApproveMatchHousingSubsidyAdmin,cancel,Vacancy should not have been entered,16,false,
MatchRoutes::Four,MatchDecisions::Four::ApproveMatchHousingSubsidyAdmin,cancel,Other,17,false,
MatchRoutes::Four,MatchDecisions::Four::RecordClientHousedDateHousingSubsidyAdministrator,decline,Additional screening criteria imposed by third parties,0,false,
MatchRoutes::Four,MatchDecisions::Four::RecordClientHousedDateHousingSubsidyAdministrator,decline,Client refused offer,1,false,
MatchRoutes::Four,MatchDecisions::Four::RecordClientHousedDateHousingSubsidyAdministrator,decline,CORI,2,false,
MatchRoutes::Four,MatchDecisions::Four::RecordClientHousedDateHousingSubsidyAdministrator,decline,Falsification of documents,3,false,
MatchRoutes::Four,MatchDecisions::Four::RecordClientHousedDateHousingSubsidyAdministrator,decline,Health and Safety,4,false,
MatchRoutes::Four,MatchDecisions::Four::RecordClientHousedDateHousingSubsidyAdministrator,decline,Household did not respond after initial acceptance of match,5,false,
MatchRoutes::Four,MatchDecisions::Four::RecordClientHousedDateHousingSubsidyAdministrator,decline,Ineligible for Housing Program,6,false,
MatchRoutes::Four,MatchDecisions::Four::RecordClientHousedDateHousingSubsidyAdministrator,decline,Self-resolved,7,false,
MatchRoutes::Four,MatchDecisions::Four::RecordClientHousedDateHousingSubsidyAdministrator,decline,SORI,8,false,
MatchRoutes::Four,MatchDecisions::Four::RecordClientHousedDateHousingSubsidyAdministrator,decline,Other,9,false,
MatchRoutes::Four,MatchDecisions::Four::RecordClientHousedDateHousingSubsidyAdministrator,cancel,Client deceased,0,false,
MatchRoutes::Four,MatchDecisions::Four::RecordClientHousedDateHousingSubsidyAdministrator,cancel,Client has declined match,1,false,
MatchRoutes::Four,MatchDecisions::Four::RecordClientHousedDateHousingSubsidyAdministrator,cancel,Client has disappeared,2,false,
MatchRoutes::Four,MatchDecisions::Four::RecordClientHousedDateHousingSubsidyAdministrator,cancel,Client has disengaged,3,false,
MatchRoutes::Four,MatchDecisions::Four::RecordClientHousedDateHousingSubsidyAdministrator,cancel,Client no longer eligible for match,4,false,
MatchRoutes::Four,MatchDecisions::Four::RecordClientHousedDateHousingSubsidyAdministrator,cancel,Client received another housing opportunity,5,false,
MatchRoutes::Four,MatchDecisions::Four::RecordClientHousedDateHousingSubsidyAdministrator,cancel,Housing Case Manager has disengaged,6,false,
MatchRoutes::Four,MatchDecisions::Four::RecordClientHousedDateHousingSubsidyAdministrator,cancel,Incarcerated,7,false,
MatchRoutes::Four,MatchDecisions::Four::RecordClientHousedDateHousingSubsidyAdministrator,cancel,Match expired – Agency interaction,8,false,
MatchRoutes::Four,MatchDecisions::Four::RecordClientHousedDateHousingSubsidyAdministrator,cancel,Match expired – No agency interaction,9,false,
MatchRoutes::Four,MatchDecisions::Four::RecordClientHousedDateHousingSubsidyAdministrator,cancel,Match expired – No Housing Case Manager interaction,10,false,
MatchRoutes::Four,MatchDecisions::Four::RecordClientHousedDateHousingSubsidyAdministrator,cancel,Match expired – No Shelter Agency interaction,11,false,
MatchRoutes::Four,MatchDecisions::Four::RecordClientHousedDateHousingSubsidyAdministrator,cancel,Match stalled - Agency has disengaged,12,false,
MatchRoutes::Four,MatchDecisions::Four::RecordClientHousedDateHousingSubsidyAdministrator,cancel,Match stalled – Housing Case Manager has disengaged,13,false,
MatchRoutes::Four,MatchDecisions::Four::RecordClientHousedDateHousingSubsidyAdministrator,cancel,Shelter Agency has disengaged,14,false,
MatchRoutes::Four,MatchDecisions::Four::RecordClientHousedDateHousingSubsidyAdministrator,cancel,Vacancy filled by other client,15,false,
MatchRoutes::Four,MatchDecisions::Four::RecordClientHousedDateHousingSubsidyAdministrator,cancel,Vacancy should not have been entered,16,false,
MatchRoutes::Four,MatchDecisions::Four::RecordClientHousedDateHousingSubsidyAdministrator,cancel,Other,17,false,
MatchRoutes::Four,MatchDecisions::Four::ConfirmMatchSuccessDndStaff,cancel,Client deceased,0,false,
MatchRoutes::Four,MatchDecisions::Four::ConfirmMatchSuccessDndStaff,cancel,Client has declined match,1,false,
MatchRoutes::Four,MatchDecisions::Four::ConfirmMatchSuccessDndStaff,cancel,Client has disappeared,2,false,
MatchRoutes::Four,MatchDecisions::Four::ConfirmMatchSuccessDndStaff,cancel,Client has disengaged,3,false,
MatchRoutes::Four,MatchDecisions::Four::ConfirmMatchSuccessDndStaff,cancel,Client no longer eligible for match,4,false,
MatchRoutes::Four,MatchDecisions::Four::ConfirmMatchSuccessDndStaff,cancel,Client received another housing opportunity,5,false,
MatchRoutes::Four,MatchDecisions::Four::ConfirmMatchSuccessDndStaff,cancel,Housing Case Manager has disengaged,6,false,
MatchRoutes::Four,MatchDecisions::Four::ConfirmMatchSuccessDndStaff,cancel,Incarcerated,7,false,
MatchRoutes::Four,MatchDecisions::Four::ConfirmMatchSuccessDndStaff,cancel,Match expired – Agency interaction,8,false,
MatchRoutes::Four,MatchDecisions::Four::ConfirmMatchSuccessDndStaff,cancel,Match expired – No agency interaction,9,false,
MatchRoutes::Four,MatchDecisions::Four::ConfirmMatchSuccessDndStaff,cancel,Match expired – No Housing Case Manager interaction,10,false,
MatchRoutes::Four,MatchDecisions::Four::ConfirmMatchSuccessDndStaff,cancel,Match expired – No Shelter Agency interaction,11,false,
MatchRoutes::Four,MatchDecisions::Four::ConfirmMatchSuccessDndStaff,cancel,Match stalled - Agency has disengaged,12,false,
MatchRoutes::Four,MatchDecisions::Four::ConfirmMatchSuccessDndStaff,cancel,Match stalled – Housing Case Manager has disengaged,13,false,
MatchRoutes::Four,MatchDecisions::Four::ConfirmMatchSuccessDndStaff,cancel,Shelter Agency has disengaged,14,false,
MatchRoutes::Four,MatchDecisions::Four::ConfirmMatchSuccessDndStaff,cancel,Vacancy filled by other client,15,false,
MatchRoutes::Four,MatchDecisions::Four::ConfirmMatchSuccessDndStaff,cancel,Vacancy should not have been entered,16,false,
MatchRoutes::Four,MatchDecisions::Four::ConfirmMatchSuccessDndStaff,cancel,Other,17,false,
MatchRoutes::Five,MatchDecisions::Five::FiveMatchRecommendation,decline,Additional screening criteria imposed by third parties,0,false,
MatchRoutes::Five,MatchDecisions::Five::FiveMatchRecommendation,decline,Client refused offer,1,false,
MatchRoutes::Five,MatchDecisions::Five::FiveMatchRecommendation,decline,CORI,2,false,
MatchRoutes::Five,MatchDecisions::Five::FiveMatchRecommendation,decline,Falsification of documents,3,false,
MatchRoutes::Five,MatchDecisions::Five::FiveMatchRecommendation,decline,Health and Safety,4,false,
MatchRoutes::Five,MatchDecisions::Five::FiveMatchRecommendation,decline,Household did not respond after initial acceptance of match,5,false,
MatchRoutes::Five,MatchDecisions::Five::FiveMatchRecommendation,decline,Ineligible for Housing Program,6,false,
MatchRoutes::Five,MatchDecisions::Five::FiveMatchRecommendation,decline,Self-resolved,7,false,
MatchRoutes::Five,MatchDecisions::Five::FiveMatchRecommendation,decline,SORI,8,false,
MatchRoutes::Five,MatchDecisions::Five::FiveMatchRecommendation,decline,Other,9,false,
MatchRoutes::Five,MatchDecisions::Five::FiveMatchRecommendation,cancel,Client deceased,0,false,
MatchRoutes::Five,MatchDecisions::Five::FiveMatchRecommendation,cancel,Client has declined match,1,false,
MatchRoutes::Five,MatchDecisions::Five::FiveMatchRecommendation,cancel,Client has disappeared,2,false,
MatchRoutes::Five,MatchDecisions::Five::FiveMatchRecommendation,cancel,Client has disengaged,3,false,
MatchRoutes::Five,MatchDecisions::Five::FiveMatchRecommendation,cancel,Client no longer eligible for match,4,false,
MatchRoutes::Five,MatchDecisions::Five::FiveMatchRecommendation,cancel,Client received another housing opportunity,5,false,
MatchRoutes::Five,MatchDecisions::Five::FiveMatchRecommendation,cancel,HSP CORI,6,false,
MatchRoutes::Five,MatchDecisions::Five::FiveMatchRecommendation,cancel,Incarcerated,7,false,
MatchRoutes::Five,MatchDecisions::Five::FiveMatchRecommendation,cancel,Match expired,8,false,
MatchRoutes::Five,MatchDecisions::Five::FiveMatchRecommendation,cancel,SSP CORI,9,false,
MatchRoutes::Five,MatchDecisions::Five::FiveMatchRecommendation,cancel,Vacancy filled by other client,10,false,
MatchRoutes::Five,MatchDecisions::Five::FiveMatchRecommendation,cancel,Vacancy should not have been entered,11,false,
MatchRoutes::Five,MatchDecisions::Five::FiveMatchRecommendation,cancel,Other,12,false,
MatchRoutes::Five,MatchDecisions::Five::FiveClientAgrees,decline,Client has another housing option,0,false,
MatchRoutes::Five,MatchDecisions::Five::FiveClientAgrees,decline,Client refused unit (non-SRO),1,false,
MatchRoutes::Five,MatchDecisions::Five::FiveClientAgrees,decline,Client refused voucher,2,false,
MatchRoutes::Five,MatchDecisions::Five::FiveClientAgrees,decline,Does not agree to services,3,false,
MatchRoutes::Five,MatchDecisions::Five::FiveClientAgrees,decline,Does not want housing at this time,4,false,
MatchRoutes::Five,MatchDecisions::Five::FiveClientAgrees,decline,Unsafe environment for this person,5,false,
MatchRoutes::Five,MatchDecisions::Five::FiveClientAgrees,decline,Unwilling to live in SRO,6,false,
MatchRoutes::Five,MatchDecisions::Five::FiveClientAgrees,decline,Unwilling to live in that neighborhood,7,false,
MatchRoutes::Five,MatchDecisions::Five::FiveClientAgrees,decline,Other,8,false,
MatchRoutes::Five,MatchDecisions::Five::FiveClientAgrees,cancel,Client deceased,0,false,
MatchRoutes::Five,MatchDecisions::Five::FiveClientAgrees,cancel,Client has declined match,1,false,
MatchRoutes::Five,MatchDecisions::Five::FiveClientAgrees,cancel,Client has disappeared,2,false,
MatchRoutes::Five,MatchDecisions::Five::FiveClientAgrees,cancel,Client has disengaged,3,false,
MatchRoutes::Five,MatchDecisions::Five::FiveClientAgrees,cancel,Client no longer eligible for match,4,false,
MatchRoutes::Five,MatchDecisions::Five::FiveClientAgrees,cancel,Client received another housing opportunity,5,false,
MatchRoutes::Five,MatchDecisions::Five::FiveClientAgrees,cancel,HSP CORI,6,false,
MatchRoutes::Five,MatchDecisions::Five::FiveClientAgrees,cancel,Incarcerated,7,false,
MatchRoutes::Five,MatchDecisions::Five::FiveClientAgrees,cancel,Match expired,8,false,
MatchRoutes::Five,MatchDecisions::Five::FiveClientAgrees,cancel,SSP CORI,9,false,
MatchRoutes::Five,MatchDecisions::Five::FiveClientAgrees,cancel,Vacancy filled by other client,10,false,
MatchRoutes::Five,MatchDecisions::Five::FiveClientAgrees,cancel,Vacancy should not have been entered,11,false,
MatchRoutes::Five,MatchDecisions::Five::FiveClientAgrees,cancel,Other,12,false,
MatchRoutes::Five,MatchDecisions::Five::FiveApplicationSubmission,decline,Client has another housing option,0,false,
MatchRoutes::Five,MatchDecisions::Five::FiveApplicationSubmission,decline,Client refused unit (non-SRO),1,false,
MatchRoutes::Five,MatchDecisions::Five::FiveApplicationSubmission,decline,Client refused voucher,2,false,
MatchRoutes::Five,MatchDecisions::Five::FiveApplicationSubmission,decline,Does not agree to services,3,false,
MatchRoutes::Five,MatchDecisions::Five::FiveApplicationSubmission,decline,Does not want housing at this time,4,false,
MatchRoutes::Five,MatchDecisions::Five::FiveApplicationSubmission,decline,Unsafe environment for this person,5,false,
MatchRoutes::Five,MatchDecisions::Five::FiveApplicationSubmission,decline,Unwilling to live in SRO,6,false,
MatchRoutes::Five,MatchDecisions::Five::FiveApplicationSubmission,decline,Unwilling to live in that neighborhood,7,false,
MatchRoutes::Five,MatchDecisions::Five::FiveApplicationSubmission,decline,Other,8,false,
MatchRoutes::Five,MatchDecisions::Five::FiveApplicationSubmission,cancel,Client deceased,0,false,
MatchRoutes::Five,MatchDecisions::Five::FiveApplicationSubmission,cancel,Client has declined match,1,false,
MatchRoutes::Five,MatchDecisions::Five::FiveApplicationSubmission,cancel,Client has disappeared,2,false,
MatchRoutes::Five,MatchDecisions::Five::FiveApplicationSubmission,cancel,Client has disengaged,3,false,
MatchRoutes::Five,MatchDecisions::Five::FiveApplicationSubmission,cancel,Client no longer eligible for match,4,false,
MatchRoutes::Five,MatchDecisions::Five::FiveApplicationSubmission,cancel,Client received another housing opportunity,5,false,
MatchRoutes::Five,MatchDecisions::Five::FiveApplicationSubmission,cancel,HSP CORI,6,false,
MatchRoutes::Five,MatchDecisions::Five::FiveApplicationSubmission,cancel,Incarcerated,7,false,
MatchRoutes::Five,MatchDecisions::Five::FiveApplicationSubmission,cancel,Match expired,8,false,
MatchRoutes::Five,MatchDecisions::Five::FiveApplicationSubmission,cancel,SSP CORI,9,false,
MatchRoutes::Five,MatchDecisions::Five::FiveApplicationSubmission,cancel,Vacancy filled by other client,10,false,
MatchRoutes::Five,MatchDecisions::Five::FiveApplicationSubmission,cancel,Vacancy should not have been entered,11,false,
MatchRoutes::Five,MatchDecisions::Five::FiveApplicationSubmission,cancel,Other,12,false,
MatchRoutes::Five,MatchDecisions::Five::FiveScreening,decline,Client has another housing option,0,false,
MatchRoutes::Five,MatchDecisions::Five::FiveScreening,decline,Client refused unit (non-SRO),1,false,
MatchRoutes::Five,MatchDecisions::Five::FiveScreening,decline,Client refused voucher,2,false,
MatchRoutes::Five,MatchDecisions::Five::FiveScreening,decline,Does not agree to services,3,false,
MatchRoutes::Five,MatchDecisions::Five::FiveScreening,decline,Does not want housing at this time,4,false,
MatchRoutes::Five,MatchDecisions::Five::FiveScreening,decline,Unsafe environment for this person,5,false,
MatchRoutes::Five,MatchDecisions::Five::FiveScreening,decline,Unwilling to live in SRO,6,false,
MatchRoutes::Five,MatchDecisions::Five::FiveScreening,decline,Unwilling to live in that neighborhood,7,false,
MatchRoutes::Five,MatchDecisions::Five::FiveScreening,decline,Other,8,false,
MatchRoutes::Five,MatchDecisions::Five::FiveScreening,cancel,Client deceased,0,false,
MatchRoutes::Five,MatchDecisions::Five::FiveScreening,cancel,Client has declined match,1,false,
MatchRoutes::Five,MatchDecisions::Five::FiveScreening,cancel,Client has disappeared,2,false,
MatchRoutes::Five,MatchDecisions::Five::FiveScreening,cancel,Client has disengaged,3,false,
MatchRoutes::Five,MatchDecisions::Five::FiveScreening,cancel,Client no longer eligible for match,4,false,
MatchRoutes::Five,MatchDecisions::Five::FiveScreening,cancel,Client received another housing opportunity,5,false,
MatchRoutes::Five,MatchDecisions::Five::FiveScreening,cancel,HSP CORI,6,false,
MatchRoutes::Five,MatchDecisions::Five::FiveScreening,cancel,Incarcerated,7,false,
MatchRoutes::Five,MatchDecisions::Five::FiveScreening,cancel,Match expired,8,false,
MatchRoutes::Five,MatchDecisions::Five::FiveScreening,cancel,SSP CORI,9,false,
MatchRoutes::Five,MatchDecisions::Five::FiveScreening,cancel,Vacancy filled by other client,10,false,
MatchRoutes::Five,MatchDecisions::Five::FiveScreening,cancel,Vacancy should not have been entered,11,false,
MatchRoutes::Five,MatchDecisions::Five::FiveScreening,cancel,Other,12,false,
MatchRoutes::Five,MatchDecisions::Five::FiveMitigation,decline,Mitigation failed,0,false,
MatchRoutes::Five,MatchDecisions::Five::FiveMitigation,decline,Other,1,false,
MatchRoutes::Five,MatchDecisions::Five::FiveMitigation,cancel,Client deceased,0,false,
MatchRoutes::Five,MatchDecisions::Five::FiveMitigation,cancel,Client has declined match,1,false,
MatchRoutes::Five,MatchDecisions::Five::FiveMitigation,cancel,Client has disappeared,2,false,
MatchRoutes::Five,MatchDecisions::Five::FiveMitigation,cancel,Client has disengaged,3,false,
MatchRoutes::Five,MatchDecisions::Five::FiveMitigation,cancel,Client no longer eligible for match,4,false,
MatchRoutes::Five,MatchDecisions::Five::FiveMitigation,cancel,Client received another housing opportunity,5,false,
MatchRoutes::Five,MatchDecisions::Five::FiveMitigation,cancel,HSP CORI,6,false,
MatchRoutes::Five,MatchDecisions::Five::FiveMitigation,cancel,Incarcerated,7,false,
MatchRoutes::Five,MatchDecisions::Five::FiveMitigation,cancel,Match expired,8,false,
MatchRoutes::Five,MatchDecisions::Five::FiveMitigation,cancel,SSP CORI,9,false,
MatchRoutes::Five,MatchDecisions::Five::FiveMitigation,cancel,Vacancy filled by other client,10,false,
MatchRoutes::Five,MatchDecisions::Five::FiveMitigation,cancel,Vacancy should not have been entered,11,false,
MatchRoutes::Five,MatchDecisions::Five::FiveMitigation,cancel,Other,12,false,
MatchRoutes::Five,MatchDecisions::Five::FiveLeaseUp,decline,Client has another housing option,0,false,
MatchRoutes::Five,MatchDecisions::Five::FiveLeaseUp,decline,Client refused unit (non-SRO),1,false,
MatchRoutes::Five,MatchDecisions::Five::FiveLeaseUp,decline,Client refused voucher,2,false,
MatchRoutes::Five,MatchDecisions::Five::FiveLeaseUp,decline,Does not agree to services,3,false,
MatchRoutes::Five,MatchDecisions::Five::FiveLeaseUp,decline,Does not want housing at this time,4,false,
MatchRoutes::Five,MatchDecisions::Five::FiveLeaseUp,decline,Unsafe environment for this person,5,false,
MatchRoutes::Five,MatchDecisions::Five::FiveLeaseUp,decline,Unwilling to live in SRO,6,false,
MatchRoutes::Five,MatchDecisions::Five::FiveLeaseUp,decline,Unwilling to live in that neighborhood,7,false,
MatchRoutes::Five,MatchDecisions::Five::FiveLeaseUp,decline,Other,8,false,
MatchRoutes::Five,MatchDecisions::Five::FiveLeaseUp,cancel,Client deceased,0,false,
MatchRoutes::Five,MatchDecisions::Five::FiveLeaseUp,cancel,Client has declined match,1,false,
MatchRoutes::Five,MatchDecisions::Five::FiveLeaseUp,cancel,Client has disappeared,2,false,
MatchRoutes::Five,MatchDecisions::Five::FiveLeaseUp,cancel,Client has disengaged,3,false,
MatchRoutes::Five,MatchDecisions::Five::FiveLeaseUp,cancel,Client no longer eligible for match,4,false,
MatchRoutes::Five,MatchDecisions::Five::FiveLeaseUp,cancel,Client received another housing opportunity,5,false,
MatchRoutes::Five,MatchDecisions::Five::FiveLeaseUp,cancel,HSP CORI,6,false,
MatchRoutes::Five,MatchDecisions::Five::FiveLeaseUp,cancel,Incarcerated,7,false,
MatchRoutes::Five,MatchDecisions::Five::FiveLeaseUp,cancel,Match expired,8,false,
MatchRoutes::Five,MatchDecisions::Five::FiveLeaseUp,cancel,SSP CORI,9,false,
MatchRoutes::Five,MatchDecisions::Five::FiveLeaseUp,cancel,Vacancy filled by other client,10,false,
MatchRoutes::Five,MatchDecisions::Five::FiveLeaseUp,cancel,Vacancy should not have been entered,11,false,
MatchRoutes::Five,MatchDecisions::Five::FiveLeaseUp,cancel,Other,12,false,
MatchRoutes::Six,MatchDecisions::Six::MatchRecommendationDndStaff,decline,Client deceased,0,false,
MatchRoutes::Six,MatchDecisions::Six::MatchRecommendationDndStaff,decline,Client has another housing option,1,false,
MatchRoutes::Six,MatchDecisions::Six::MatchRecommendationDndStaff,decline,Client has disappeared,2,false,
MatchRoutes::Six,MatchDecisions::Six::MatchRecommendationDndStaff,decline,Client has disengaged,3,false,
MatchRoutes::Six,MatchDecisions::Six::MatchRecommendationDndStaff,decline,Client receiving navigation services,4,false,
MatchRoutes::Six,MatchDecisions::Six::MatchRecommendationDndStaff,decline,Does not agree to services,5,false,
MatchRoutes::Six,MatchDecisions::Six::MatchRecommendationDndStaff,decline,Does not want housing at this time,6,false,
MatchRoutes::Six,MatchDecisions::Six::MatchRecommendationDndStaff,decline,Health and Safety,7,false,
MatchRoutes::Six,MatchDecisions::Six::MatchRecommendationDndStaff,decline,Incarcerated,8,false,
MatchRoutes::Six,MatchDecisions::Six::MatchRecommendationDndStaff,decline,Other,9,false,
MatchRoutes::Six,MatchDecisions::Six::MatchRecommendationDndStaff,cancel,Client deceased,0,false,
MatchRoutes::Six,MatchDecisions::Six::MatchRecommendationDndStaff,cancel,Client has declined match,1,false,
MatchRoutes::Six,MatchDecisions::Six::MatchRecommendationDndStaff,cancel,Client has disappeared,2,false,
MatchRoutes::Six,MatchDecisions::Six::MatchRecommendationDndStaff,cancel,Client has disengaged,3,false,
MatchRoutes::Six,MatchDecisions::Six::MatchRecommendationDndStaff,cancel,Client no longer eligible for match,4,false,
MatchRoutes::Six,MatchDecisions::Six::MatchRecommendationDndStaff,cancel,Client received another housing opportunity,5,false,
MatchRoutes::Six,MatchDecisions::Six::MatchRecommendationDndStaff,cancel,Incarcerated,6,false,
MatchRoutes::Six,MatchDecisions::Six::MatchRecommendationDndStaff,cancel,Match expired,7,false,
MatchRoutes::Six,MatchDecisions::Six::MatchRecommendationDndStaff,cancel,Vacancy should not have been entered,8,false,
MatchRoutes::Six,MatchDecisions::Six::MatchRecommendationShelterAgency,decline,Client deceased,0,false,
MatchRoutes::Six,MatchDecisions::Six::MatchRecommendationShelterAgency,decline,Client has another housing option,1,false,
MatchRoutes::Six,MatchDecisions::Six::MatchRecommendationShelterAgency,decline,Client has disappeared,2,false,
MatchRoutes::Six,MatchDecisions::Six::MatchRecommendationShelterAgency,decline,Client has disengaged,3,false,
MatchRoutes::Six,MatchDecisions::Six::MatchRecommendationShelterAgency,decline,Client receiving navigation services,4,false,
MatchRoutes::Six,MatchDecisions::Six::MatchRecommendationShelterAgency,decline,Does not agree to services,5,false,
MatchRoutes::Six,MatchDecisions::Six::MatchRecommendationShelterAgency,decline,Does not want housing at this time,6,false,
MatchRoutes::Six,MatchDecisions::Six::MatchRecommendationShelterAgency,decline,Health and Safety,7,false,
MatchRoutes::Six,MatchDecisions::Six::MatchRecommendationShelterAgency,decline,Incarcerated,8,false,
MatchRoutes::Six,MatchDecisions::Six::MatchRecommendationShelterAgency,decline,Other,9,false,
MatchRoutes::Six,MatchDecisions::Six::MatchRecommendationShelterAgency,cancel,Client deceased,0,false,
MatchRoutes::Six,MatchDecisions::Six::MatchRecommendationShelterAgency,cancel,Client has declined match,1,false,
MatchRoutes::Six,MatchDecisions::Six::MatchRecommendationShelterAgency,cancel,Client has disappeared,2,false,
MatchRoutes::Six,MatchDecisions::Six::MatchRecommendationShelterAgency,cancel,Client has disengaged,3,false,
MatchRoutes::Six,MatchDecisions::Six::MatchRecommendationShelterAgency,cancel,Client no longer eligible for match,4,false,
MatchRoutes::Six,MatchDecisions::Six::MatchRecommendationShelterAgency,cancel,Client received another housing opportunity,5,false,
MatchRoutes::Six,MatchDecisions::Six::MatchRecommendationShelterAgency,cancel,Incarcerated,6,false,
MatchRoutes::Six,MatchDecisions::Six::MatchRecommendationShelterAgency,cancel,Match expired,7,false,
MatchRoutes::Six,MatchDecisions::Six::MatchRecommendationShelterAgency,cancel,Vacancy should not have been entered,8,false,
MatchRoutes::Six,MatchDecisions::Six::ApproveMatchHousingSubsidyAdmin,decline,Client deceased,0,false,
MatchRoutes::Six,MatchDecisions::Six::ApproveMatchHousingSubsidyAdmin,decline,Client has another housing option,1,false,
MatchRoutes::Six,MatchDecisions::Six::ApproveMatchHousingSubsidyAdmin,decline,Client has disappeared,2,false,
MatchRoutes::Six,MatchDecisions::Six::ApproveMatchHousingSubsidyAdmin,decline,Client has disengaged,3,false,
MatchRoutes::Six,MatchDecisions::Six::ApproveMatchHousingSubsidyAdmin,decline,Client receiving navigation services,4,false,
MatchRoutes::Six,MatchDecisions::Six::ApproveMatchHousingSubsidyAdmin,decline,Does not agree to services,5,false,
MatchRoutes::Six,MatchDecisions::Six::ApproveMatchHousingSubsidyAdmin,decline,Does not want housing at this time,6,false,
MatchRoutes::Six,MatchDecisions::Six::ApproveMatchHousingSubsidyAdmin,decline,Health and Safety,7,false,
MatchRoutes::Six,MatchDecisions::Six::ApproveMatchHousingSubsidyAdmin,decline,Incarcerated,8,false,
MatchRoutes::Six,MatchDecisions::Six::ApproveMatchHousingSubsidyAdmin,decline,Other,9,false,
MatchRoutes::Six,MatchDecisions::Six::ApproveMatchHousingSubsidyAdmin,cancel,Client deceased,0,false,
MatchRoutes::Six,MatchDecisions::Six::ApproveMatchHousingSubsidyAdmin,cancel,Client has declined match,1,false,
MatchRoutes::Six,MatchDecisions::Six::ApproveMatchHousingSubsidyAdmin,cancel,Client has disappeared,2,false,
MatchRoutes::Six,MatchDecisions::Six::ApproveMatchHousingSubsidyAdmin,cancel,Client has disengaged,3,false,
MatchRoutes::Six,MatchDecisions::Six::ApproveMatchHousingSubsidyAdmin,cancel,Client no longer eligible for match,4,false,
MatchRoutes::Six,MatchDecisions::Six::ApproveMatchHousingSubsidyAdmin,cancel,Client received another housing opportunity,5,false,
MatchRoutes::Six,MatchDecisions::Six::ApproveMatchHousingSubsidyAdmin,cancel,Incarcerated,6,false,
MatchRoutes::Six,MatchDecisions::Six::ApproveMatchHousingSubsidyAdmin,cancel,Match expired,7,false,
MatchRoutes::Six,MatchDecisions::Six::ApproveMatchHousingSubsidyAdmin,cancel,Vacancy should not have been entered,8,false,
MatchRoutes::Six,MatchDecisions::Six::ConfirmMatchSuccessDndStaff,cancel,Client deceased,0,false,
MatchRoutes::Six,MatchDecisions::Six::ConfirmMatchSuccessDndStaff,cancel,Client has declined match,1,false,
MatchRoutes::Six,MatchDecisions::Six::ConfirmMatchSuccessDndStaff,cancel,Client has disappeared,2,false,
MatchRoutes::Six,MatchDecisions::Six::ConfirmMatchSuccessDndStaff,cancel,Client has disengaged,3,false,
MatchRoutes::Six,MatchDecisions::Six::ConfirmMatchSuccessDndStaff,cancel,Client no longer eligible for match,4,false,
MatchRoutes::Six,MatchDecisions::Six::ConfirmMatchSuccessDndStaff,cancel,Client received another housing opportunity,5,false,
MatchRoutes::Six,MatchDecisions::Six::ConfirmMatchSuccessDndStaff,cancel,HSP CORI,6,false,
MatchRoutes::Six,MatchDecisions::Six::ConfirmMatchSuccessDndStaff,cancel,Incarcerated,7,false,
MatchRoutes::Six,MatchDecisions::Six::ConfirmMatchSuccessDndStaff,cancel,Match expired,8,false,
MatchRoutes::Six,MatchDecisions::Six::ConfirmMatchSuccessDndStaff,cancel,SSP CORI,9,false,
MatchRoutes::Six,MatchDecisions::Six::ConfirmMatchSuccessDndStaff,cancel,Vacancy filled by other client,10,false,
MatchRoutes::Six,MatchDecisions::Six::ConfirmMatchSuccessDndStaff,cancel,Vacancy should not have been entered,11,false,
MatchRoutes::Six,MatchDecisions::Six::ConfirmMatchSuccessDndStaff,cancel,Other,12,false,
MatchRoutes::Seven,MatchDecisions::Seven::MatchRecommendationDndStaff,decline,Client has another housing option,0,false,
MatchRoutes::Seven,MatchDecisions::Seven::MatchRecommendationDndStaff,decline,Client won't be eligible based on funding source,1,false,
MatchRoutes::Seven,MatchDecisions::Seven::MatchRecommendationDndStaff,decline,Client won't be eligible for housing type,2,false,
MatchRoutes::Seven,MatchDecisions::Seven::MatchRecommendationDndStaff,decline,Client won't be eligible for services,3,false,
MatchRoutes::Seven,MatchDecisions::Seven::MatchRecommendationDndStaff,decline,Other,4,false,
MatchRoutes::Seven,MatchDecisions::Seven::MatchRecommendationDndStaff,cancel,Client deceased,0,false,
MatchRoutes::Seven,MatchDecisions::Seven::MatchRecommendationDndStaff,cancel,Client has declined match,1,false,
MatchRoutes::Seven,MatchDecisions::Seven::MatchRecommendationDndStaff,cancel,Client has disappeared,2,false,
MatchRoutes::Seven,MatchDecisions::Seven::MatchRecommendationDndStaff,cancel,Client has disengaged,3,false,
MatchRoutes::Seven,MatchDecisions::Seven::MatchRecommendationDndStaff,cancel,Client no longer eligible for match,4,false,
MatchRoutes::Seven,MatchDecisions::Seven::MatchRecommendationDndStaff,cancel,Client received another housing opportunity,5,false,
MatchRoutes::Seven,MatchDecisions::Seven::MatchRecommendationDndStaff,cancel,HSP CORI,6,false,
MatchRoutes::Seven,MatchDecisions::Seven::MatchRecommendationDndStaff,cancel,Incarcerated,7,false,
MatchRoutes::Seven,MatchDecisions::Seven::MatchRecommendationDndStaff,cancel,Match expired,8,false,
MatchRoutes::Seven,MatchDecisions::Seven::MatchRecommendationDndStaff,cancel,SSP CORI,9,false,
MatchRoutes::Seven,MatchDecisions::Seven::MatchRecommendationDndStaff,cancel,Vacancy filled by other client,10,false,
MatchRoutes::Seven,MatchDecisions::Seven::MatchRecommendationDndStaff,cancel,Vacancy should not have been entered,11,false,
MatchRoutes::Seven,MatchDecisions::Seven::MatchRecommendationDndStaff,cancel,Other,12,false,
MatchRoutes::Seven,MatchDecisions::Seven::ApproveMatchHousingSubsidyAdmin,decline,Additional screening criteria imposed by third parties,0,false,
MatchRoutes::Seven,MatchDecisions::Seven::ApproveMatchHousingSubsidyAdmin,decline,Client refused offer,1,false,
MatchRoutes::Seven,MatchDecisions::Seven::ApproveMatchHousingSubsidyAdmin,decline,CORI,2,false,
MatchRoutes::Seven,MatchDecisions::Seven::ApproveMatchHousingSubsidyAdmin,decline,Falsification of documents,3,false,
MatchRoutes::Seven,MatchDecisions::Seven::ApproveMatchHousingSubsidyAdmin,decline,Health and Safety,4,false,
MatchRoutes::Seven,MatchDecisions::Seven::ApproveMatchHousingSubsidyAdmin,decline,Household did not respond after initial acceptance of match,5,false,
MatchRoutes::Seven,MatchDecisions::Seven::ApproveMatchHousingSubsidyAdmin,decline,Ineligible for Housing Program,6,false,
MatchRoutes::Seven,MatchDecisions::Seven::ApproveMatchHousingSubsidyAdmin,decline,Self-resolved,7,false,
MatchRoutes::Seven,MatchDecisions::Seven::ApproveMatchHousingSubsidyAdmin,decline,SORI,8,false,
MatchRoutes::Seven,MatchDecisions::Seven::ApproveMatchHousingSubsidyAdmin,decline,Other,9,false,
MatchRoutes::Seven,MatchDecisions::Seven::ApproveMatchHousingSubsidyAdmin,cancel,Client deceased,0,false,
MatchRoutes::Seven,MatchDecisions::Seven::ApproveMatchHousingSubsidyAdmin,cancel,Client has declined match,1,false,
MatchRoutes::Seven,MatchDecisions::Seven::ApproveMatchHousingSubsidyAdmin,cancel,Client has disappeared,2,false,
MatchRoutes::Seven,MatchDecisions::Seven::ApproveMatchHousingSubsidyAdmin,cancel,Client has disengaged,3,false,
MatchRoutes::Seven,MatchDecisions::Seven::ApproveMatchHousingSubsidyAdmin,cancel,Client no longer eligible for match,4,false,
MatchRoutes::Seven,MatchDecisions::Seven::ApproveMatchHousingSubsidyAdmin,cancel,Client received another housing opportunity,5,false,
MatchRoutes::Seven,MatchDecisions::Seven::ApproveMatchHousingSubsidyAdmin,cancel,HSP CORI,6,false,
MatchRoutes::Seven,MatchDecisions::Seven::ApproveMatchHousingSubsidyAdmin,cancel,Incarcerated,7,false,
MatchRoutes::Seven,MatchDecisions::Seven::ApproveMatchHousingSubsidyAdmin,cancel,Match expired,8,false,
MatchRoutes::Seven,MatchDecisions::Seven::ApproveMatchHousingSubsidyAdmin,cancel,SSP CORI,9,false,
MatchRoutes::Seven,MatchDecisions::Seven::ApproveMatchHousingSubsidyAdmin,cancel,Vacancy filled by other client,10,false,
MatchRoutes::Seven,MatchDecisions::Seven::ApproveMatchHousingSubsidyAdmin,cancel,Vacancy should not have been entered,11,false,
MatchRoutes::Seven,MatchDecisions::Seven::ApproveMatchHousingSubsidyAdmin,cancel,Other,12,false,
MatchRoutes::Seven,MatchDecisions::Seven::ConfirmMatchSuccessDndStaff,cancel,Client deceased,0,false,
MatchRoutes::Seven,MatchDecisions::Seven::ConfirmMatchSuccessDndStaff,cancel,Client has declined match,1,false,
MatchRoutes::Seven,MatchDecisions::Seven::ConfirmMatchSuccessDndStaff,cancel,Client has disappeared,2,false,
MatchRoutes::Seven,MatchDecisions::Seven::ConfirmMatchSuccessDndStaff,cancel,Client has disengaged,3,false,
MatchRoutes::Seven,MatchDecisions::Seven::ConfirmMatchSuccessDndStaff,cancel,Client no longer eligible for match,4,false,
MatchRoutes::Seven,MatchDecisions::Seven::ConfirmMatchSuccessDndStaff,cancel,Client received another housing opportunity,5,false,
MatchRoutes::Seven,MatchDecisions::Seven::ConfirmMatchSuccessDndStaff,cancel,HSP CORI,6,false,
MatchRoutes::Seven,MatchDecisions::Seven::ConfirmMatchSuccessDndStaff,cancel,Incarcerated,7,false,
MatchRoutes::Seven,MatchDecisions::Seven::ConfirmMatchSuccessDndStaff,cancel,Match expired,8,false,
MatchRoutes::Seven,MatchDecisions::Seven::ConfirmMatchSuccessDndStaff,cancel,SSP CORI,9,false,
MatchRoutes::Seven,MatchDecisions::Seven::ConfirmMatchSuccessDndStaff,cancel,Vacancy filled by other client,10,false,
MatchRoutes::Seven,MatchDecisions::Seven::ConfirmMatchSuccessDndStaff,cancel,Vacancy should not have been entered,11,false,
MatchRoutes::Seven,MatchDecisions::Seven::ConfirmMatchSuccessDndStaff,cancel,Other,12,false,
MatchRoutes::Eight,MatchDecisions::Eight::EightMatchRecommendation,decline,Client has another housing option,0,false,
MatchRoutes::Eight,MatchDecisions::Eight::EightMatchRecommendation,decline,Client won't be eligible based on funding source,1,false,
MatchRoutes::Eight,MatchDecisions::Eight::EightMatchRecommendation,decline,Client won't be eligible for housing type,2,false,
MatchRoutes::Eight,MatchDecisions::Eight::EightMatchRecommendation,decline,Client won't be eligible for services,3,false,
MatchRoutes::Eight,MatchDecisions::Eight::EightMatchRecommendation,decline,Other,4,false,
MatchRoutes::Eight,MatchDecisions::Eight::EightMatchRecommendation,cancel,Client deceased,0,false,
MatchRoutes::Eight,MatchDecisions::Eight::EightMatchRecommendation,cancel,Client has declined match,1,false,
MatchRoutes::Eight,MatchDecisions::Eight::EightMatchRecommendation,cancel,Client has disappeared,2,false,
MatchRoutes::Eight,MatchDecisions::Eight::EightMatchRecommendation,cancel,Client has disengaged,3,false,
MatchRoutes::Eight,MatchDecisions::Eight::EightMatchRecommendation,cancel,Client needs higher level of care,4,false,
MatchRoutes::Eight,MatchDecisions::Eight::EightMatchRecommendation,cancel,Client no longer eligible for match,5,false,
MatchRoutes::Eight,MatchDecisions::Eight::EightMatchRecommendation,cancel,Client received another housing opportunity,6,false,
MatchRoutes::Eight,MatchDecisions::Eight::EightMatchRecommendation,cancel,Incarcerated,7,false,
MatchRoutes::Eight,MatchDecisions::Eight::EightMatchRecommendation,cancel,Match expired,8,false,
MatchRoutes::Eight,MatchDecisions::Eight::EightMatchRecommendation,cancel,Unable to reach client after multiple attempts,9,false,
MatchRoutes::Eight,MatchDecisions::Eight::EightMatchRecommendation,cancel,Vacancy filled by other client,10,false,
MatchRoutes::Eight,MatchDecisions::Eight::EightMatchRecommendation,cancel,Vacancy should not have been entered,11,false,
MatchRoutes::Eight,MatchDecisions::Eight::EightMatchRecommendation,cancel,Other,12,false,
MatchRoutes::Eight,MatchDecisions::Eight::EightAssignManager,decline,Other,0,false,
MatchRoutes::Eight,MatchDecisions::Eight::EightAssignManager,cancel,Client deceased,0,false,
MatchRoutes::Eight,MatchDecisions::Eight::EightAssignManager,cancel,Client has declined match,1,false,
MatchRoutes::Eight,MatchDecisions::Eight::EightAssignManager,cancel,Client has disappeared,2,false,
MatchRoutes::Eight,MatchDecisions::Eight::EightAssignManager,cancel,Client has disengaged,3,false,
MatchRoutes::Eight,MatchDecisions::Eight::EightAssignManager,cancel,Client needs higher level of care,4,false,
MatchRoutes::Eight,MatchDecisions::Eight::EightAssignManager,cancel,Client no longer eligible for match,5,false,
MatchRoutes::Eight,MatchDecisions::Eight::EightAssignManager,cancel,Client received another housing opportunity,6,false,
MatchRoutes::Eight,MatchDecisions::Eight::EightAssignManager,cancel,Incarcerated,7,false,
MatchRoutes::Eight,MatchDecisions::Eight::EightAssignManager,cancel,Match expired,8,false,
MatchRoutes::Eight,MatchDecisions::Eight::EightAssignManager,cancel,Unable to reach client after multiple attempts,9,false,
MatchRoutes::Eight,MatchDecisions::Eight::EightAssignManager,cancel,Vacancy filled by other client,10,false,
MatchRoutes::Eight,MatchDecisions::Eight::EightAssignManager,cancel,Vacancy should not have been entered,11,false,
MatchRoutes::Eight,MatchDecisions::Eight::EightAssignManager,cancel,Other,12,false,
MatchRoutes::Eight,MatchDecisions::Eight::EightRecordVoucherDate,decline,Client needs higher level of care,0,false,
MatchRoutes::Eight,MatchDecisions::Eight::EightRecordVoucherDate,decline,Client refused offer,1,false,
MatchRoutes::Eight,MatchDecisions::Eight::EightRecordVoucherDate,decline,Household did not respond after initial acceptance of match,2,false,
MatchRoutes::Eight,MatchDecisions::Eight::EightRecordVoucherDate,decline,Immigration status,3,false,
MatchRoutes::Eight,MatchDecisions::Eight::EightRecordVoucherDate,decline,Ineligible for Housing Program,4,false,
MatchRoutes::Eight,MatchDecisions::Eight::EightRecordVoucherDate,decline,Self-resolved,5,false,
MatchRoutes::Eight,MatchDecisions::Eight::EightRecordVoucherDate,decline,Unable to reach client after multiple attempts,6,false,
MatchRoutes::Eight,MatchDecisions::Eight::EightRecordVoucherDate,decline,Other,7,false,
MatchRoutes::Eight,MatchDecisions::Eight::EightRecordVoucherDate,cancel,Client deceased,0,false,
MatchRoutes::Eight,MatchDecisions::Eight::EightRecordVoucherDate,cancel,Client has declined match,1,false,
MatchRoutes::Eight,MatchDecisions::Eight::EightRecordVoucherDate,cancel,Client has disappeared,2,false,
MatchRoutes::Eight,MatchDecisions::Eight::EightRecordVoucherDate,cancel,Client has disengaged,3,false,
MatchRoutes::Eight,MatchDecisions::Eight::EightRecordVoucherDate,cancel,Client needs higher level of care,4,false,
MatchRoutes::Eight,MatchDecisions::Eight::EightRecordVoucherDate,cancel,Client no longer eligible for match,5,false,
MatchRoutes::Eight,MatchDecisions::Eight::EightRecordVoucherDate,cancel,Client received another housing opportunity,6,false,
MatchRoutes::Eight,MatchDecisions::Eight::EightRecordVoucherDate,cancel,Incarcerated,7,false,
MatchRoutes::Eight,MatchDecisions::Eight::EightRecordVoucherDate,cancel,Match expired,8,false,
MatchRoutes::Eight,MatchDecisions::Eight::EightRecordVoucherDate,cancel,Unable to reach client after multiple attempts,9,false,
MatchRoutes::Eight,MatchDecisions::Eight::EightRecordVoucherDate,cancel,Vacancy filled by other client,10,false,
MatchRoutes::Eight,MatchDecisions::Eight::EightRecordVoucherDate,cancel,Vacancy should not have been entered,11,false,
MatchRoutes::Eight,MatchDecisions::Eight::EightRecordVoucherDate,cancel,Other,12,false,
MatchRoutes::Eight,MatchDecisions::Eight::EightLeaseUp,decline,Client needs higher level of care,0,false,
MatchRoutes::Eight,MatchDecisions::Eight::EightLeaseUp,decline,Client refused offer,1,false,
MatchRoutes::Eight,MatchDecisions::Eight::EightLeaseUp,decline,Household did not respond after initial acceptance of match,2,false,
MatchRoutes::Eight,MatchDecisions::Eight::EightLeaseUp,decline,Immigration status,3,false,
MatchRoutes::Eight,MatchDecisions::Eight::EightLeaseUp,decline,Ineligible for Housing Program,4,false,
MatchRoutes::Eight,MatchDecisions::Eight::EightLeaseUp,decline,Self-resolved,5,false,
MatchRoutes::Eight,MatchDecisions::Eight::EightLeaseUp,decline,Unable to reach client after multiple attempts,6,false,
MatchRoutes::Eight,MatchDecisions::Eight::EightLeaseUp,decline,Other,7,false,
MatchRoutes::Eight,MatchDecisions::Eight::EightLeaseUp,cancel,Client deceased,0,false,
MatchRoutes::Eight,MatchDecisions::Eight::EightLeaseUp,cancel,Client has declined match,1,false,
MatchRoutes::Eight,MatchDecisions::Eight::EightLeaseUp,cancel,Client has disappeared,2,false,
MatchRoutes::Eight,MatchDecisions::Eight::EightLeaseUp,cancel,Client has disengaged,3,false,
MatchRoutes::Eight,MatchDecisions::Eight::EightLeaseUp,cancel,Client needs higher level of care,4,false,
MatchRoutes::Eight,MatchDecisions::Eight::EightLeaseUp,cancel,Client no longer eligible for match,5,false,
MatchRoutes::Eight,MatchDecisions::Eight::EightLeaseUp,cancel,Client received another housing opportunity,6,false,
MatchRoutes::Eight,MatchDecisions::Eight::EightLeaseUp,cancel,Incarcerated,7,false,
MatchRoutes::Eight,MatchDecisions::Eight::EightLeaseUp,cancel,Match expired,8,false,
MatchRoutes::Eight,MatchDecisions::Eight::EightLeaseUp,cancel,Unable to reach client after multiple attempts,9,false,
MatchRoutes::Eight,MatchDecisions::Eight::EightLeaseUp,cancel,Vacancy filled by other client,10,false,
MatchRoutes::Eight,MatchDecisions::Eight::EightLeaseUp,cancel,Vacancy should not have been entered,11,false,
MatchRoutes::Eight,MatchDecisions::Eight::EightLeaseUp,cancel,Other,12,false,
MatchRoutes::Eight,MatchDecisions::Eight::EightConfirmMatchSuccess,cancel,Client deceased,0,false,
MatchRoutes::Eight,MatchDecisions::Eight::EightConfirmMatchSuccess,cancel,Client has declined match,1,false,
MatchRoutes::Eight,MatchDecisions::Eight::EightConfirmMatchSuccess,cancel,Client has disappeared,2,false,
MatchRoutes::Eight,MatchDecisions::Eight::EightConfirmMatchSuccess,cancel,Client has disengaged,3,false,
MatchRoutes::Eight,MatchDecisions::Eight::EightConfirmMatchSuccess,cancel,Client needs higher level of care,4,false,
MatchRoutes::Eight,MatchDecisions::Eight::EightConfirmMatchSuccess,cancel,Client no longer eligible for match,5,false,
MatchRoutes::Eight,MatchDecisions::Eight::EightConfirmMatchSuccess,cancel,Client received another housing opportunity,6,false,
MatchRoutes::Eight,MatchDecisions::Eight::EightConfirmMatchSuccess,cancel,Incarcerated,7,false,
MatchRoutes::Eight,MatchDecisions::Eight::EightConfirmMatchSuccess,cancel,Match expired,8,false,
MatchRoutes::Eight,MatchDecisions::Eight::EightConfirmMatchSuccess,cancel,Unable to reach client after multiple attempts,9,false,
MatchRoutes::Eight,MatchDecisions::Eight::EightConfirmMatchSuccess,cancel,Vacancy filled by other client,10,false,
MatchRoutes::Eight,MatchDecisions::Eight::EightConfirmMatchSuccess,cancel,Vacancy should not have been entered,11,false,
MatchRoutes::Eight,MatchDecisions::Eight::EightConfirmMatchSuccess,cancel,Other,12,false,
MatchRoutes::Nine,MatchDecisions::Nine::NineMatchRecommendation,decline,Client has another housing option,0,false,
MatchRoutes::Nine,MatchDecisions::Nine::NineMatchRecommendation,decline,Client won't be eligible based on funding source,1,false,
MatchRoutes::Nine,MatchDecisions::Nine::NineMatchRecommendation,decline,Client won't be eligible for housing type,2,false,
MatchRoutes::Nine,MatchDecisions::Nine::NineMatchRecommendation,decline,Client won't be eligible for services,3,false,
MatchRoutes::Nine,MatchDecisions::Nine::NineMatchRecommendation,decline,Other,4,false,
MatchRoutes::Nine,MatchDecisions::Nine::NineMatchRecommendation,cancel,Client has disappeared,0,false,
MatchRoutes::Nine,MatchDecisions::Nine::NineMatchRecommendation,cancel,Client has disengaged,1,false,
MatchRoutes::Nine,MatchDecisions::Nine::NineMatchRecommendation,cancel,Client no longer eligible for match,2,false,
MatchRoutes::Nine,MatchDecisions::Nine::NineMatchRecommendation,cancel,Incarcerated,3,false,
MatchRoutes::Nine,MatchDecisions::Nine::NineMatchRecommendation,cancel,Match expired,4,false,
MatchRoutes::Nine,MatchDecisions::Nine::NineMatchRecommendation,cancel,Other,5,false,
MatchRoutes::Nine,MatchDecisions::Nine::NineRecordVoucherDate,decline,Client has another housing option,0,false,
MatchRoutes::Nine,MatchDecisions::Nine::NineRecordVoucherDate,decline,Client needs higher level of care,1,false,
MatchRoutes::Nine,MatchDecisions::Nine::NineRecordVoucherDate,decline,Client refused offer,2,false,
MatchRoutes::Nine,MatchDecisions::Nine::NineRecordVoucherDate,decline,Client won't be eligible based on funding source,3,false,
MatchRoutes::Nine,MatchDecisions::Nine::NineRecordVoucherDate,decline,Client won't be eligible for housing type,4,false,
MatchRoutes::Nine,MatchDecisions::Nine::NineRecordVoucherDate,decline,Client won't be eligible for services,5,false,
MatchRoutes::Nine,MatchDecisions::Nine::NineRecordVoucherDate,decline,Household became disengaged,6,false,
MatchRoutes::Nine,MatchDecisions::Nine::NineRecordVoucherDate,decline,Immigration status,7,false,
MatchRoutes::Nine,MatchDecisions::Nine::NineRecordVoucherDate,decline,Ineligible for Housing Program,8,false,
MatchRoutes::Nine,MatchDecisions::Nine::NineRecordVoucherDate,decline,Self-resolved,9,false,
MatchRoutes::Nine,MatchDecisions::Nine::NineRecordVoucherDate,decline,Unable to reach client after multiple attempts,10,false,
MatchRoutes::Nine,MatchDecisions::Nine::NineRecordVoucherDate,decline,Other,11,false,
MatchRoutes::Nine,MatchDecisions::Nine::NineRecordVoucherDate,cancel,Client deceased,0,false,
MatchRoutes::Nine,MatchDecisions::Nine::NineRecordVoucherDate,cancel,Client has declined match,1,false,
MatchRoutes::Nine,MatchDecisions::Nine::NineRecordVoucherDate,cancel,Client has disappeared,2,false,
MatchRoutes::Nine,MatchDecisions::Nine::NineRecordVoucherDate,cancel,Client has disengaged,3,false,
MatchRoutes::Nine,MatchDecisions::Nine::NineRecordVoucherDate,cancel,Client needs higher level of care,4,false,
MatchRoutes::Nine,MatchDecisions::Nine::NineRecordVoucherDate,cancel,Client no longer eligible for match,5,false,
MatchRoutes::Nine,MatchDecisions::Nine::NineRecordVoucherDate,cancel,Client received another housing opportunity,6,false,
MatchRoutes::Nine,MatchDecisions::Nine::NineRecordVoucherDate,cancel,Incarcerated,7,false,
MatchRoutes::Nine,MatchDecisions::Nine::NineRecordVoucherDate,cancel,Match expired,8,false,
MatchRoutes::Nine,MatchDecisions::Nine::NineRecordVoucherDate,cancel,Unable to reach client after multiple attempts,9,false,
MatchRoutes::Nine,MatchDecisions::Nine::NineRecordVoucherDate,cancel,Vacancy filled by other client,10,false,
MatchRoutes::Nine,MatchDecisions::Nine::NineRecordVoucherDate,cancel,Vacancy should not have been entered,11,false,
MatchRoutes::Nine,MatchDecisions::Nine::NineRecordVoucherDate,cancel,Other,12,false,
MatchRoutes::Nine,MatchDecisions::Nine::NineAssignCaseContact,decline,Other,0,false,
MatchRoutes::Nine,MatchDecisions::Nine::NineAssignCaseContact,cancel,Client has disappeared,0,false,
MatchRoutes::Nine,MatchDecisions::Nine::NineAssignCaseContact,cancel,Client has disengaged,1,false,
MatchRoutes::Nine,MatchDecisions::Nine::NineAssignCaseContact,cancel,Client no longer eligible for match,2,false,
MatchRoutes::Nine,MatchDecisions::Nine::NineAssignCaseContact,cancel,Client received another housing opportunity,3,false,
MatchRoutes::Nine,MatchDecisions::Nine::NineAssignCaseContact,cancel,Incarcerated,4,false,
MatchRoutes::Nine,MatchDecisions::Nine::NineAssignCaseContact,cancel,Match expired,5,false,
MatchRoutes::Nine,MatchDecisions::Nine::NineAssignCaseContact,cancel,Other,6,false,
MatchRoutes::Nine,MatchDecisions::Nine::NineAssignManager,decline,Other,0,false,
MatchRoutes::Nine,MatchDecisions::Nine::NineAssignManager,cancel,Client deceased,0,false,
MatchRoutes::Nine,MatchDecisions::Nine::NineAssignManager,cancel,Client has declined match,1,false,
MatchRoutes::Nine,MatchDecisions::Nine::NineAssignManager,cancel,Client has disappeared,2,false,
MatchRoutes::Nine,MatchDecisions::Nine::NineAssignManager,cancel,Client has disengaged,3,false,
MatchRoutes::Nine,MatchDecisions::Nine::NineAssignManager,cancel,Client needs higher level of care,4,false,
MatchRoutes::Nine,MatchDecisions::Nine::NineAssignManager,cancel,Client no longer eligible for match,5,false,
MatchRoutes::Nine,MatchDecisions::Nine::NineAssignManager,cancel,Client received another housing opportunity,6,false,
MatchRoutes::Nine,MatchDecisions::Nine::NineAssignManager,cancel,Incarcerated,7,false,
MatchRoutes::Nine,MatchDecisions::Nine::NineAssignManager,cancel,Match expired,8,false,
MatchRoutes::Nine,MatchDecisions::Nine::NineAssignManager,cancel,Unable to reach client after multiple attempts,9,false,
MatchRoutes::Nine,MatchDecisions::Nine::NineAssignManager,cancel,Vacancy filled by other client,10,false,
MatchRoutes::Nine,MatchDecisions::Nine::NineAssignManager,cancel,Vacancy should not have been entered,11,false,
MatchRoutes::Nine,MatchDecisions::Nine::NineAssignManager,cancel,Other,12,false,
MatchRoutes::Nine,MatchDecisions::Nine::NineLeaseUp,decline,Client needs higher level of care,0,false,
MatchRoutes::Nine,MatchDecisions::Nine::NineLeaseUp,decline,Client refused offer,1,false,
MatchRoutes::Nine,MatchDecisions::Nine::NineLeaseUp,decline,Household did not respond after initial acceptance of match,2,false,
MatchRoutes::Nine,MatchDecisions::Nine::NineLeaseUp,decline,Immigration status,3,false,
MatchRoutes::Nine,MatchDecisions::Nine::NineLeaseUp,decline,Ineligible for Housing Program,4,false,
MatchRoutes::Nine,MatchDecisions::Nine::NineLeaseUp,decline,Self-resolved,5,false,
MatchRoutes::Nine,MatchDecisions::Nine::NineLeaseUp,decline,Unable to reach client after multiple attempts,6,false,
MatchRoutes::Nine,MatchDecisions::Nine::NineLeaseUp,decline,Other,7,false,
MatchRoutes::Nine,MatchDecisions::Nine::NineLeaseUp,cancel,Client deceased,0,false,
MatchRoutes::Nine,MatchDecisions::Nine::NineLeaseUp,cancel,Client has declined match,1,false,
MatchRoutes::Nine,MatchDecisions::Nine::NineLeaseUp,cancel,Client has disappeared,2,false,
MatchRoutes::Nine,MatchDecisions::Nine::NineLeaseUp,cancel,Client has disengaged,3,false,
MatchRoutes::Nine,MatchDecisions::Nine::NineLeaseUp,cancel,Client needs higher level of care,4,false,
MatchRoutes::Nine,MatchDecisions::Nine::NineLeaseUp,cancel,Client no longer eligible for match,5,false,
MatchRoutes::Nine,MatchDecisions::Nine::NineLeaseUp,cancel,Client received another housing opportunity,6,false,
MatchRoutes::Nine,MatchDecisions::Nine::NineLeaseUp,cancel,Incarcerated,7,false,
MatchRoutes::Nine,MatchDecisions::Nine::NineLeaseUp,cancel,Match expired,8,false,
MatchRoutes::Nine,MatchDecisions::Nine::NineLeaseUp,cancel,Unable to reach client after multiple attempts,9,false,
MatchRoutes::Nine,MatchDecisions::Nine::NineLeaseUp,cancel,Vacancy filled by other client,10,false,
MatchRoutes::Nine,MatchDecisions::Nine::NineLeaseUp,cancel,Vacancy should not have been entered,11,false,
MatchRoutes::Nine,MatchDecisions::Nine::NineLeaseUp,cancel,Other,12,false,
MatchRoutes::Nine,MatchDecisions::Nine::NineConfirmMatchSuccess,cancel,Client deceased,0,false,
MatchRoutes::Nine,MatchDecisions::Nine::NineConfirmMatchSuccess,cancel,Client has declined match,1,false,
MatchRoutes::Nine,MatchDecisions::Nine::NineConfirmMatchSuccess,cancel,Client has disappeared,2,false,
MatchRoutes::Nine,MatchDecisions::Nine::NineConfirmMatchSuccess,cancel,Client has disengaged,3,false,
MatchRoutes::Nine,MatchDecisions::Nine::NineConfirmMatchSuccess,cancel,Client no longer eligible for match,4,false,
MatchRoutes::Nine,MatchDecisions::Nine::NineConfirmMatchSuccess,cancel,Client received another housing opportunity,5,false,
MatchRoutes::Nine,MatchDecisions::Nine::NineConfirmMatchSuccess,cancel,HSP CORI,6,false,
MatchRoutes::Nine,MatchDecisions::Nine::NineConfirmMatchSuccess,cancel,Incarcerated,7,false,
MatchRoutes::Nine,MatchDecisions::Nine::NineConfirmMatchSuccess,cancel,Match expired,8,false,
MatchRoutes::Nine,MatchDecisions::Nine::NineConfirmMatchSuccess,cancel,SSP CORI,9,false,
MatchRoutes::Nine,MatchDecisions::Nine::NineConfirmMatchSuccess,cancel,Vacancy filled by other client,10,false,
MatchRoutes::Nine,MatchDecisions::Nine::NineConfirmMatchSuccess,cancel,Vacancy should not have been entered,11,false,
MatchRoutes::Nine,MatchDecisions::Nine::NineConfirmMatchSuccess,cancel,Other,12,false,
MatchRoutes::Ten,MatchDecisions::Ten::TenAgencyConfirmMatchSuccess,decline,Client needs higher level of care,0,false,
MatchRoutes::Ten,MatchDecisions::Ten::TenAgencyConfirmMatchSuccess,decline,Client refused offer,1,false,
MatchRoutes::Ten,MatchDecisions::Ten::TenAgencyConfirmMatchSuccess,decline,Household did not respond after initial acceptance of match,2,false,
MatchRoutes::Ten,MatchDecisions::Ten::TenAgencyConfirmMatchSuccess,decline,Immigration status,3,false,
MatchRoutes::Ten,MatchDecisions::Ten::TenAgencyConfirmMatchSuccess,decline,Ineligible for Housing Program,4,false,
MatchRoutes::Ten,MatchDecisions::Ten::TenAgencyConfirmMatchSuccess,decline,Self-resolved,5,false,
MatchRoutes::Ten,MatchDecisions::Ten::TenAgencyConfirmMatchSuccess,decline,Unable to reach client after multiple attempts,6,false,
MatchRoutes::Ten,MatchDecisions::Ten::TenAgencyConfirmMatchSuccess,decline,Other,7,false,
MatchRoutes::Ten,MatchDecisions::Ten::TenAgencyConfirmMatchSuccess,cancel,Client deceased,0,false,
MatchRoutes::Ten,MatchDecisions::Ten::TenAgencyConfirmMatchSuccess,cancel,Client has declined match,1,false,
MatchRoutes::Ten,MatchDecisions::Ten::TenAgencyConfirmMatchSuccess,cancel,Client has disappeared,2,false,
MatchRoutes::Ten,MatchDecisions::Ten::TenAgencyConfirmMatchSuccess,cancel,Client has disengaged,3,false,
MatchRoutes::Ten,MatchDecisions::Ten::TenAgencyConfirmMatchSuccess,cancel,Client needs higher level of care,4,false,
MatchRoutes::Ten,MatchDecisions::Ten::TenAgencyConfirmMatchSuccess,cancel,Client no longer eligible for match,5,false,
MatchRoutes::Ten,MatchDecisions::Ten::TenAgencyConfirmMatchSuccess,cancel,Client received another housing opportunity,6,false,
MatchRoutes::Ten,MatchDecisions::Ten::TenAgencyConfirmMatchSuccess,cancel,Incarcerated,7,false,
MatchRoutes::Ten,MatchDecisions::Ten::TenAgencyConfirmMatchSuccess,cancel,Match expired,8,false,
MatchRoutes::Ten,MatchDecisions::Ten::TenAgencyConfirmMatchSuccess,cancel,Unable to reach client after multiple attempts,9,false,
MatchRoutes::Ten,MatchDecisions::Ten::TenAgencyConfirmMatchSuccess,cancel,Vacancy filled by other client,10,false,
MatchRoutes::Ten,MatchDecisions::Ten::TenAgencyConfirmMatchSuccess,cancel,Vacancy should not have been entered,11,false,
MatchRoutes::Ten,MatchDecisions::Ten::TenAgencyConfirmMatchSuccess,cancel,Other,12,false,
MatchRoutes::Ten,MatchDecisions::Ten::TenConfirmMatchSuccessDndStaff,decline,Client needs higher level of care,0,false,
MatchRoutes::Ten,MatchDecisions::Ten::TenConfirmMatchSuccessDndStaff,decline,Client refused offer,1,false,
MatchRoutes::Ten,MatchDecisions::Ten::TenConfirmMatchSuccessDndStaff,decline,Household did not respond after initial acceptance of match,2,false,
MatchRoutes::Ten,MatchDecisions::Ten::TenConfirmMatchSuccessDndStaff,decline,Immigration status,3,false,
MatchRoutes::Ten,MatchDecisions::Ten::TenConfirmMatchSuccessDndStaff,decline,Ineligible for Housing Program,4,false,
MatchRoutes::Ten,MatchDecisions::Ten::TenConfirmMatchSuccessDndStaff,decline,Self-resolved,5,false,
MatchRoutes::Ten,MatchDecisions::Ten::TenConfirmMatchSuccessDndStaff,decline,Unable to reach client after multiple attempts,6,false,
MatchRoutes::Ten,MatchDecisions::Ten::TenConfirmMatchSuccessDndStaff,decline,Other,7,false,
MatchRoutes::Ten,MatchDecisions::Ten::TenConfirmMatchSuccessDndStaff,cancel,Client deceased,0,false,
MatchRoutes::Ten,MatchDecisions::Ten::TenConfirmMatchSuccessDndStaff,cancel,Client has declined match,1,false,
MatchRoutes::Ten,MatchDecisions::Ten::TenConfirmMatchSuccessDndStaff,cancel,Client has disappeared,2,false,
MatchRoutes::Ten,MatchDecisions::Ten::TenConfirmMatchSuccessDndStaff,cancel,Client has disengaged,3,false,
MatchRoutes::Ten,MatchDecisions::Ten::TenConfirmMatchSuccessDndStaff,cancel,Client needs higher level of care,4,false,
MatchRoutes::Ten,MatchDecisions::Ten::TenConfirmMatchSuccessDndStaff,cancel,Client no longer eligible for match,5,false,
MatchRoutes::Ten,MatchDecisions::Ten::TenConfirmMatchSuccessDndStaff,cancel,Client received another housing opportunity,6,false,
MatchRoutes::Ten,MatchDecisions::Ten::TenConfirmMatchSuccessDndStaff,cancel,Incarcerated,7,false,
MatchRoutes::Ten,MatchDecisions::Ten::TenConfirmMatchSuccessDndStaff,cancel,Match expired,8,false,
MatchRoutes::Ten,MatchDecisions::Ten::TenConfirmMatchSuccessDndStaff,cancel,Unable to reach client after multiple attempts,9,false,
MatchRoutes::Ten,MatchDecisions::Ten::TenConfirmMatchSuccessDndStaff,cancel,Vacancy filled by other client,10,false,
MatchRoutes::Ten,MatchDecisions::Ten::TenConfirmMatchSuccessDndStaff,cancel,Vacancy should not have been entered,11,false,
MatchRoutes::Ten,MatchDecisions::Ten::TenConfirmMatchSuccessDndStaff,cancel,Other,12,false,
MatchRoutes::Eleven,MatchDecisions::Eleven::ElevenHsaAcknowledgesReceipt,decline,Client deceased,0,true,
MatchRoutes::Eleven,MatchDecisions::Eleven::ElevenHsaAcknowledgesReceipt,decline,Client has another housing option,1,true,
MatchRoutes::Eleven,MatchDecisions::Eleven::ElevenHsaAcknowledgesReceipt,decline,Client has disappeared,2,true,
MatchRoutes::Eleven,MatchDecisions::Eleven::ElevenHsaAcknowledgesReceipt,decline,Client has disengaged,3,true,
MatchRoutes::Eleven,MatchDecisions::Eleven::ElevenHsaAcknowledgesReceipt,decline,Client is already receiving navigation services,4,true,
MatchRoutes::Eleven,MatchDecisions::Eleven::ElevenHsaAcknowledgesReceipt,decline,Does not agree to services,5,true,
MatchRoutes::Eleven,MatchDecisions::Eleven::ElevenHsaAcknowledgesReceipt,decline,Does not want housing at this time,6,true,
MatchRoutes::Eleven,MatchDecisions::Eleven::ElevenHsaAcknowledgesReceipt,decline,Health and Safety,7,true,
MatchRoutes::Eleven,MatchDecisions::Eleven::ElevenHsaAcknowledgesReceipt,decline,Incarcerated,8,true,
MatchRoutes::Eleven,MatchDecisions::Eleven::ElevenHsaAcknowledgesReceipt,decline,Other,9,false,
MatchRoutes::Eleven,MatchDecisions::Eleven::ElevenHsaAcknowledgesReceipt,cancel,Client deceased,0,false,
MatchRoutes::Eleven,MatchDecisions::Eleven::ElevenHsaAcknowledgesReceipt,cancel,Client has declined match,1,false,
MatchRoutes::Eleven,MatchDecisions::Eleven::ElevenHsaAcknowledgesReceipt,cancel,Client has disappeared,2,false,
MatchRoutes::Eleven,MatchDecisions::Eleven::ElevenHsaAcknowledgesReceipt,cancel,Client has disengaged,3,false,
MatchRoutes::Eleven,MatchDecisions::Eleven::ElevenHsaAcknowledgesReceipt,cancel,Client is already receiving navigation services,4,false,
MatchRoutes::Eleven,MatchDecisions::Eleven::ElevenHsaAcknowledgesReceipt,cancel,Client no longer eligible for match,5,false,
MatchRoutes::Eleven,MatchDecisions::Eleven::ElevenHsaAcknowledgesReceipt,cancel,Client received another housing opportunity,6,false,
MatchRoutes::Eleven,MatchDecisions::Eleven::ElevenHsaAcknowledgesReceipt,cancel,Incarcerated,7,false,
MatchRoutes::Eleven,MatchDecisions::Eleven::ElevenHsaAcknowledgesReceipt,cancel,Match expired,8,false,
MatchRoutes::Eleven,MatchDecisions::Eleven::ElevenHsaAcknowledgesReceipt,cancel,Vacancy should not have been entered,9,false,
MatchRoutes::Eleven,MatchDecisions::Eleven::ElevenHsaAcknowledgesReceipt,cancel,Other,10,false,
MatchRoutes::Eleven,MatchDecisions::Eleven::ElevenHsaAcceptsClient,decline,Client deceased,0,true,
MatchRoutes::Eleven,MatchDecisions::Eleven::ElevenHsaAcceptsClient,decline,Client has another housing option,1,true,
MatchRoutes::Eleven,MatchDecisions::Eleven::ElevenHsaAcceptsClient,decline,Client has disappeared,2,true,
MatchRoutes::Eleven,MatchDecisions::Eleven::ElevenHsaAcceptsClient,decline,Client has disengaged,3,true,
MatchRoutes::Eleven,MatchDecisions::Eleven::ElevenHsaAcceptsClient,decline,Client is already receiving navigation services,4,true,
MatchRoutes::Eleven,MatchDecisions::Eleven::ElevenHsaAcceptsClient,decline,Does not agree to services,5,true,
MatchRoutes::Eleven,MatchDecisions::Eleven::ElevenHsaAcceptsClient,decline,Does not want housing at this time,6,true,
MatchRoutes::Eleven,MatchDecisions::Eleven::ElevenHsaAcceptsClient,decline,Health and Safety,7,true,
MatchRoutes::Eleven,MatchDecisions::Eleven::ElevenHsaAcceptsClient,decline,Incarcerated,8,true,
MatchRoutes::Eleven,MatchDecisions::Eleven::ElevenHsaAcceptsClient,decline,Other,9,false,
MatchRoutes::Eleven,MatchDecisions::Eleven::ElevenHsaAcceptsClient,cancel,Client deceased,0,false,
MatchRoutes::Eleven,MatchDecisions::Eleven::ElevenHsaAcceptsClient,cancel,Client has declined match,1,false,
MatchRoutes::Eleven,MatchDecisions::Eleven::ElevenHsaAcceptsClient,cancel,Client has disappeared,2,false,
MatchRoutes::Eleven,MatchDecisions::Eleven::ElevenHsaAcceptsClient,cancel,Client has disengaged,3,false,
MatchRoutes::Eleven,MatchDecisions::Eleven::ElevenHsaAcceptsClient,cancel,Client is already receiving navigation services,4,false,
MatchRoutes::Eleven,MatchDecisions::Eleven::ElevenHsaAcceptsClient,cancel,Client no longer eligible for match,5,false,
MatchRoutes::Eleven,MatchDecisions::Eleven::ElevenHsaAcceptsClient,cancel,Client received another housing opportunity,6,false,
MatchRoutes::Eleven,MatchDecisions::Eleven::ElevenHsaAcceptsClient,cancel,Incarcerated,7,false,
MatchRoutes::Eleven,MatchDecisions::Eleven::ElevenHsaAcceptsClient,cancel,Match expired,8,false,
MatchRoutes::Eleven,MatchDecisions::Eleven::ElevenHsaAcceptsClient,cancel,Vacancy should not have been entered,9,false,
MatchRoutes::Eleven,MatchDecisions::Eleven::ElevenHsaAcceptsClient,cancel,Other,10,false,
MatchRoutes::Eleven,MatchDecisions::Eleven::ElevenConfirmMatchSuccessDndStaff,decline,Client deceased,0,true,
MatchRoutes::Eleven,MatchDecisions::Eleven::ElevenConfirmMatchSuccessDndStaff,decline,Client has another housing option,1,true,
MatchRoutes::Eleven,MatchDecisions::Eleven::ElevenConfirmMatchSuccessDndStaff,decline,Client has disappeared,2,true,
MatchRoutes::Eleven,MatchDecisions::Eleven::ElevenConfirmMatchSuccessDndStaff,decline,Client has disengaged,3,true,
MatchRoutes::Eleven,MatchDecisions::Eleven::ElevenConfirmMatchSuccessDndStaff,decline,Client is already receiving navigation services,4,true,
MatchRoutes::Eleven,MatchDecisions::Eleven::ElevenConfirmMatchSuccessDndStaff,decline,Does not agree to services,5,true,
MatchRoutes::Eleven,MatchDecisions::Eleven::ElevenConfirmMatchSuccessDndStaff,decline,Does not want housing at this time,6,true,
MatchRoutes::Eleven,MatchDecisions::Eleven::ElevenConfirmMatchSuccessDndStaff,decline,Health and Safety,7,true,
MatchRoutes::Eleven,MatchDecisions::Eleven::ElevenConfirmMatchSuccessDndStaff,decline,Incarcerated,8,true,
MatchRoutes::Eleven,MatchDecisions::Eleven::ElevenConfirmMatchSuccessDndStaff,decline,Other,9,false,
MatchRoutes::Eleven,MatchDecisions::Eleven::ElevenConfirmMatchSuccessDndStaff,cancel,Client deceased,0,false,
MatchRoutes::Eleven,MatchDecisions::Eleven::ElevenConfirmMatchSuccessDndStaff,cancel,Client has declined match,1,false,
MatchRoutes::Eleven,MatchDecisions::Eleven::ElevenConfirmMatchSuccessDndStaff,cancel,Client has disappeared,2,false,
MatchRoutes::Eleven,MatchDecisions::Eleven::ElevenConfirmMatchSuccessDndStaff,cancel,Client has disengaged,3,false,
MatchRoutes::Eleven,MatchDecisions::Eleven::ElevenConfirmMatchSuccessDndStaff,cancel,Client is already receiving navigation services,4,false,
MatchRoutes::Eleven,MatchDecisions::Eleven::ElevenConfirmMatchSuccessDndStaff,cancel,Client no longer eligible for match,5,false,
MatchRoutes::Eleven,MatchDecisions::Eleven::ElevenConfirmMatchSuccessDndStaff,cancel,Client received another housing opportunity,6,false,
MatchRoutes::Eleven,MatchDecisions::Eleven::ElevenConfirmMatchSuccessDndStaff,cancel,Incarcerated,7,false,
MatchRoutes::Eleven,MatchDecisions::Eleven::ElevenConfirmMatchSuccessDndStaff,cancel,Match expired,8,false,
MatchRoutes::Eleven,MatchDecisions::Eleven::ElevenConfirmMatchSuccessDndStaff,cancel,Vacancy should not have been entered,9,false,
MatchRoutes::Eleven,MatchDecisions::Eleven::ElevenConfirmMatchSuccessDndStaff,cancel,Other,10,false,
MatchRoutes::Twelve,MatchDecisions::Twelve::TwelveAgencyAcknowledgesReceipt,decline,Client needs higher level of care,0,false,
MatchRoutes::Twelve,MatchDecisions::Twelve::TwelveAgencyAcknowledgesReceipt,decline,Client refused offer,1,false,
MatchRoutes::Twelve,MatchDecisions::Twelve::TwelveAgencyAcknowledgesReceipt,decline,Household did not respond after initial acceptance of match,2,false,
MatchRoutes::Twelve,MatchDecisions::Twelve::TwelveAgencyAcknowledgesReceipt,decline,Immigration status,3,false,
MatchRoutes::Twelve,MatchDecisions::Twelve::TwelveAgencyAcknowledgesReceipt,decline,Ineligible for Housing Program,4,false,
MatchRoutes::Twelve,MatchDecisions::Twelve::TwelveAgencyAcknowledgesReceipt,decline,Self-resolved,5,false,
MatchRoutes::Twelve,MatchDecisions::Twelve::TwelveAgencyAcknowledgesReceipt,decline,Unable to reach client after multiple attempts,6,false,
MatchRoutes::Twelve,MatchDecisions::Twelve::TwelveAgencyAcknowledgesReceipt,decline,Other,7,false,
MatchRoutes::Twelve,MatchDecisions::Twelve::TwelveAgencyAcknowledgesReceipt,cancel,Client deceased,0,false,
MatchRoutes::Twelve,MatchDecisions::Twelve::TwelveAgencyAcknowledgesReceipt,cancel,Client has declined match,1,false,
MatchRoutes::Twelve,MatchDecisions::Twelve::TwelveAgencyAcknowledgesReceipt,cancel,Client has disappeared,2,false,
MatchRoutes::Twelve,MatchDecisions::Twelve::TwelveAgencyAcknowledgesReceipt,cancel,Client has disengaged,3,false,
MatchRoutes::Twelve,MatchDecisions::Twelve::TwelveAgencyAcknowledgesReceipt,cancel,Client needs higher level of care,4,false,
MatchRoutes::Twelve,MatchDecisions::Twelve::TwelveAgencyAcknowledgesReceipt,cancel,Client no longer eligible for match,5,false,
MatchRoutes::Twelve,MatchDecisions::Twelve::TwelveAgencyAcknowledgesReceipt,cancel,Client received another housing opportunity,6,false,
MatchRoutes::Twelve,MatchDecisions::Twelve::TwelveAgencyAcknowledgesReceipt,cancel,Incarcerated,7,false,
MatchRoutes::Twelve,MatchDecisions::Twelve::TwelveAgencyAcknowledgesReceipt,cancel,Match expired,8,false,
MatchRoutes::Twelve,MatchDecisions::Twelve::TwelveAgencyAcknowledgesReceipt,cancel,Unable to reach client after multiple attempts,9,false,
MatchRoutes::Twelve,MatchDecisions::Twelve::TwelveAgencyAcknowledgesReceipt,cancel,Vacancy filled by other client,10,false,
MatchRoutes::Twelve,MatchDecisions::Twelve::TwelveAgencyAcknowledgesReceipt,cancel,Vacancy should not have been entered,11,false,
MatchRoutes::Twelve,MatchDecisions::Twelve::TwelveAgencyAcknowledgesReceipt,cancel,Other,12,false,
MatchRoutes::Twelve,MatchDecisions::Twelve::TwelveHsaConfirmMatchSuccess,decline,Client needs higher level of care,0,false,
MatchRoutes::Twelve,MatchDecisions::Twelve::TwelveHsaConfirmMatchSuccess,decline,Client refused offer,1,false,
MatchRoutes::Twelve,MatchDecisions::Twelve::TwelveHsaConfirmMatchSuccess,decline,Household did not respond after initial acceptance of match,2,false,
MatchRoutes::Twelve,MatchDecisions::Twelve::TwelveHsaConfirmMatchSuccess,decline,Immigration status,3,false,
MatchRoutes::Twelve,MatchDecisions::Twelve::TwelveHsaConfirmMatchSuccess,decline,Ineligible for Housing Program,4,false,
MatchRoutes::Twelve,MatchDecisions::Twelve::TwelveHsaConfirmMatchSuccess,decline,Self-resolved,5,false,
MatchRoutes::Twelve,MatchDecisions::Twelve::TwelveHsaConfirmMatchSuccess,decline,Unable to reach client after multiple attempts,6,false,
MatchRoutes::Twelve,MatchDecisions::Twelve::TwelveHsaConfirmMatchSuccess,decline,Other,7,false,
MatchRoutes::Twelve,MatchDecisions::Twelve::TwelveHsaConfirmMatchSuccess,cancel,Client deceased,0,false,
MatchRoutes::Twelve,MatchDecisions::Twelve::TwelveHsaConfirmMatchSuccess,cancel,Client has declined match,1,false,
MatchRoutes::Twelve,MatchDecisions::Twelve::TwelveHsaConfirmMatchSuccess,cancel,Client has disappeared,2,false,
MatchRoutes::Twelve,MatchDecisions::Twelve::TwelveHsaConfirmMatchSuccess,cancel,Client has disengaged,3,false,
MatchRoutes::Twelve,MatchDecisions::Twelve::TwelveHsaConfirmMatchSuccess,cancel,Client needs higher level of care,4,false,
MatchRoutes::Twelve,MatchDecisions::Twelve::TwelveHsaConfirmMatchSuccess,cancel,Client no longer eligible for match,5,false,
MatchRoutes::Twelve,MatchDecisions::Twelve::TwelveHsaConfirmMatchSuccess,cancel,Client received another housing opportunity,6,false,
MatchRoutes::Twelve,MatchDecisions::Twelve::TwelveHsaConfirmMatchSuccess,cancel,Incarcerated,7,false,
MatchRoutes::Twelve,MatchDecisions::Twelve::TwelveHsaConfirmMatchSuccess,cancel,Match expired,8,false,
MatchRoutes::Twelve,MatchDecisions::Twelve::TwelveHsaConfirmMatchSuccess,cancel,Unable to reach client after multiple attempts,9,false,
MatchRoutes::Twelve,MatchDecisions::Twelve::TwelveHsaConfirmMatchSuccess,cancel,Vacancy filled by other client,10,false,
MatchRoutes::Twelve,MatchDecisions::Twelve::TwelveHsaConfirmMatchSuccess,cancel,Vacancy should not have been entered,11,false,
MatchRoutes::Twelve,MatchDecisions::Twelve::TwelveHsaConfirmMatchSuccess,cancel,Other,12,false,
MatchRoutes::Twelve,MatchDecisions::Twelve::TwelveConfirmMatchSuccessDndStaff,decline,Client needs higher level of care,0,false,
MatchRoutes::Twelve,MatchDecisions::Twelve::TwelveConfirmMatchSuccessDndStaff,decline,Client refused offer,1,false,
MatchRoutes::Twelve,MatchDecisions::Twelve::TwelveConfirmMatchSuccessDndStaff,decline,Household did not respond after initial acceptance of match,2,false,
MatchRoutes::Twelve,MatchDecisions::Twelve::TwelveConfirmMatchSuccessDndStaff,decline,Immigration status,3,false,
MatchRoutes::Twelve,MatchDecisions::Twelve::TwelveConfirmMatchSuccessDndStaff,decline,Ineligible for Housing Program,4,false,
MatchRoutes::Twelve,MatchDecisions::Twelve::TwelveConfirmMatchSuccessDndStaff,decline,Self-resolved,5,false,
MatchRoutes::Twelve,MatchDecisions::Twelve::TwelveConfirmMatchSuccessDndStaff,decline,Unable to reach client after multiple attempts,6,false,
MatchRoutes::Twelve,MatchDecisions::Twelve::TwelveConfirmMatchSuccessDndStaff,decline,Other,7,false,
MatchRoutes::Twelve,MatchDecisions::Twelve::TwelveConfirmMatchSuccessDndStaff,cancel,Client deceased,0,false,
MatchRoutes::Twelve,MatchDecisions::Twelve::TwelveConfirmMatchSuccessDndStaff,cancel,Client has declined match,1,false,
MatchRoutes::Twelve,MatchDecisions::Twelve::TwelveConfirmMatchSuccessDndStaff,cancel,Client has disappeared,2,false,
MatchRoutes::Twelve,MatchDecisions::Twelve::TwelveConfirmMatchSuccessDndStaff,cancel,Client has disengaged,3,false,
MatchRoutes::Twelve,MatchDecisions::Twelve::TwelveConfirmMatchSuccessDndStaff,cancel,Client needs higher level of care,4,false,
MatchRoutes::Twelve,MatchDecisions::Twelve::TwelveConfirmMatchSuccessDndStaff,cancel,Client no longer eligible for match,5,false,
MatchRoutes::Twelve,MatchDecisions::Twelve::TwelveConfirmMatchSuccessDndStaff,cancel,Client received another housing opportunity,6,false,
MatchRoutes::Twelve,MatchDecisions::Twelve::TwelveConfirmMatchSuccessDndStaff,cancel,Incarcerated,7,false,
MatchRoutes::Twelve,MatchDecisions::Twelve::TwelveConfirmMatchSuccessDndStaff,cancel,Match expired,8,false,
MatchRoutes::Twelve,MatchDecisions::Twelve::TwelveConfirmMatchSuccessDndStaff,cancel,Unable to reach client after multiple attempts,9,false,
MatchRoutes::Twelve,MatchDecisions::Twelve::TwelveConfirmMatchSuccessDndStaff,cancel,Vacancy filled by other client,10,false,
MatchRoutes::Twelve,MatchDecisions::Twelve::TwelveConfirmMatchSuccessDndStaff,cancel,Vacancy should not have been entered,11,false,
MatchRoutes::Twelve,MatchDecisions::Twelve::TwelveConfirmMatchSuccessDndStaff,cancel,Other,12,false,
MatchRoutes::Thirteen,MatchDecisions::Thirteen::ThirteenClientMatch,cancel,Client deceased,0,false,
MatchRoutes::Thirteen,MatchDecisions::Thirteen::ThirteenClientMatch,cancel,Client no longer eligible for match,1,false,
MatchRoutes::Thirteen,MatchDecisions::Thirteen::ThirteenClientMatch,cancel,Client received another housing opportunity,2,false,
MatchRoutes::Thirteen,MatchDecisions::Thirteen::ThirteenClientMatch,cancel,Health and Safety,3,false,
MatchRoutes::Thirteen,MatchDecisions::Thirteen::ThirteenClientMatch,cancel,In Treatment/Recovery Center,4,false,
MatchRoutes::Thirteen,MatchDecisions::Thirteen::ThirteenClientMatch,cancel,Incarcerated,5,false,
MatchRoutes::Thirteen,MatchDecisions::Thirteen::ThirteenClientMatch,cancel,Institutionalized,6,false,
MatchRoutes::Thirteen,MatchDecisions::Thirteen::ThirteenClientMatch,cancel,Match expired,7,false,
MatchRoutes::Thirteen,MatchDecisions::Thirteen::ThirteenClientMatch,cancel,Vacancy should not have been entered,8,false,
MatchRoutes::Thirteen,MatchDecisions::Thirteen::ThirteenClientMatch,cancel,Other,9,false,
MatchRoutes::Thirteen,MatchDecisions::Thirteen::ThirteenMatchAcknowledgement,cancel,Client deceased,0,false,
MatchRoutes::Thirteen,MatchDecisions::Thirteen::ThirteenMatchAcknowledgement,cancel,Client no longer eligible for match,1,false,
MatchRoutes::Thirteen,MatchDecisions::Thirteen::ThirteenMatchAcknowledgement,cancel,Client received another housing opportunity,2,false,
MatchRoutes::Thirteen,MatchDecisions::Thirteen::ThirteenMatchAcknowledgement,cancel,Health and Safety,3,false,
MatchRoutes::Thirteen,MatchDecisions::Thirteen::ThirteenMatchAcknowledgement,cancel,In Treatment/Recovery Center,4,false,
MatchRoutes::Thirteen,MatchDecisions::Thirteen::ThirteenMatchAcknowledgement,cancel,Incarcerated,5,false,
MatchRoutes::Thirteen,MatchDecisions::Thirteen::ThirteenMatchAcknowledgement,cancel,Institutionalized,6,false,
MatchRoutes::Thirteen,MatchDecisions::Thirteen::ThirteenMatchAcknowledgement,cancel,Match expired,7,false,
MatchRoutes::Thirteen,MatchDecisions::Thirteen::ThirteenMatchAcknowledgement,cancel,Vacancy should not have been entered,8,false,
MatchRoutes::Thirteen,MatchDecisions::Thirteen::ThirteenMatchAcknowledgement,cancel,Other,9,false,
MatchRoutes::Thirteen,MatchDecisions::Thirteen::ThirteenClientReview,decline,Additional screening criteria imposed by third parties,0,true,
MatchRoutes::Thirteen,MatchDecisions::Thirteen::ThirteenClientReview,decline,Client has another housing option,1,true,
MatchRoutes::Thirteen,MatchDecisions::Thirteen::ThirteenClientReview,decline,Client refused offer,2,true,
MatchRoutes::Thirteen,MatchDecisions::Thirteen::ThirteenClientReview,decline,Client refused unit (non-SRO),3,true,
MatchRoutes::Thirteen,MatchDecisions::Thirteen::ThirteenClientReview,decline,Client refused voucher,4,true,
MatchRoutes::Thirteen,MatchDecisions::Thirteen::ThirteenClientReview,decline,CORI,5,true,
MatchRoutes::Thirteen,MatchDecisions::Thirteen::ThirteenClientReview,decline,Does not agree to services,6,true,
MatchRoutes::Thirteen,MatchDecisions::Thirteen::ThirteenClientReview,decline,Does not want housing at this time,7,true,
MatchRoutes::Thirteen,MatchDecisions::Thirteen::ThirteenClientReview,decline,Falsification of documents,8,true,
MatchRoutes::Thirteen,MatchDecisions::Thirteen::ThirteenClientReview,decline,Health and Safety,9,true,
MatchRoutes::Thirteen,MatchDecisions::Thirteen::ThirteenClientReview,decline,Household did not respond after initial acceptance of match,10,true,
MatchRoutes::Thirteen,MatchDecisions::Thirteen::ThirteenClientReview,decline,Ineligible for Housing Program,11,true,
MatchRoutes::Thirteen,MatchDecisions::Thirteen::ThirteenClientReview,decline,SORI,12,true,
MatchRoutes::Thirteen,MatchDecisions::Thirteen::ThirteenClientReview,decline,Unsafe environment for this person,13,true,
MatchRoutes::Thirteen,MatchDecisions::Thirteen::ThirteenClientReview,decline,Unwilling to live in SRO,14,true,
MatchRoutes::Thirteen,MatchDecisions::Thirteen::ThirteenClientReview,decline,Unwilling to live in that neighborhood,15,true,
MatchRoutes::Thirteen,MatchDecisions::Thirteen::ThirteenClientReview,decline,Other,16,false,
MatchRoutes::Thirteen,MatchDecisions::Thirteen::ThirteenClientReview,cancel,Client deceased,0,false,
MatchRoutes::Thirteen,MatchDecisions::Thirteen::ThirteenClientReview,cancel,Client no longer eligible for match,1,false,
MatchRoutes::Thirteen,MatchDecisions::Thirteen::ThirteenClientReview,cancel,Client received another housing opportunity,2,false,
MatchRoutes::Thirteen,MatchDecisions::Thirteen::ThirteenClientReview,cancel,Health and Safety,3,false,
MatchRoutes::Thirteen,MatchDecisions::Thirteen::ThirteenClientReview,cancel,In Treatment/Recovery Center,4,false,
MatchRoutes::Thirteen,MatchDecisions::Thirteen::ThirteenClientReview,cancel,Incarcerated,5,false,
MatchRoutes::Thirteen,MatchDecisions::Thirteen::ThirteenClientReview,cancel,Institutionalized,6,false,
MatchRoutes::Thirteen,MatchDecisions::Thirteen::ThirteenClientReview,cancel,Match expired,7,false,
MatchRoutes::Thirteen,MatchDecisions::Thirteen::ThirteenClientReview,cancel,Vacancy should not have been entered,8,false,
MatchRoutes::Thirteen,MatchDecisions::Thirteen::ThirteenClientReview,cancel,Other,9,false,
MatchRoutes::Thirteen,MatchDecisions::Thirteen::ThirteenHearingScheduled,decline,Additional screening criteria imposed by third parties,0,true,
MatchRoutes::Thirteen,MatchDecisions::Thirteen::ThirteenHearingScheduled,decline,Client has another housing option,1,true,
MatchRoutes::Thirteen,MatchDecisions::Thirteen::ThirteenHearingScheduled,decline,Client refused offer,2,true,
MatchRoutes::Thirteen,MatchDecisions::Thirteen::ThirteenHearingScheduled,decline,Client refused unit (non-SRO),3,true,
MatchRoutes::Thirteen,MatchDecisions::Thirteen::ThirteenHearingScheduled,decline,Client refused voucher,4,true,
MatchRoutes::Thirteen,MatchDecisions::Thirteen::ThirteenHearingScheduled,decline,CORI,5,true,
MatchRoutes::Thirteen,MatchDecisions::Thirteen::ThirteenHearingScheduled,decline,Does not agree to services,6,true,
MatchRoutes::Thirteen,MatchDecisions::Thirteen::ThirteenHearingScheduled,decline,Does not want housing at this time,7,true,
MatchRoutes::Thirteen,MatchDecisions::Thirteen::ThirteenHearingScheduled,decline,Falsification of documents,8,true,
MatchRoutes::Thirteen,MatchDecisions::Thirteen::ThirteenHearingScheduled,decline,Health and Safety,9,true,
MatchRoutes::Thirteen,MatchDecisions::Thirteen::ThirteenHearingScheduled,decline,Household did not respond after initial acceptance of match,10,true,
MatchRoutes::Thirteen,MatchDecisions::Thirteen::ThirteenHearingScheduled,decline,Ineligible for Housing Program,11,true,
MatchRoutes::Thirteen,MatchDecisions::Thirteen::ThirteenHearingScheduled,decline,SORI,12,true,
MatchRoutes::Thirteen,MatchDecisions::Thirteen::ThirteenHearingScheduled,decline,Unsafe environment for this person,13,true,
MatchRoutes::Thirteen,MatchDecisions::Thirteen::ThirteenHearingScheduled,decline,Unwilling to live in SRO,14,true,
MatchRoutes::Thirteen,MatchDecisions::Thirteen::ThirteenHearingScheduled,decline,Unwilling to live in that neighborhood,15,true,
MatchRoutes::Thirteen,MatchDecisions::Thirteen::ThirteenHearingScheduled,decline,Other,16,false,
MatchRoutes::Thirteen,MatchDecisions::Thirteen::ThirteenHearingScheduled,cancel,Client deceased,0,false,
MatchRoutes::Thirteen,MatchDecisions::Thirteen::ThirteenHearingScheduled,cancel,Client has declined match,1,false,
MatchRoutes::Thirteen,MatchDecisions::Thirteen::ThirteenHearingScheduled,cancel,Client has disappeared,2,false,
MatchRoutes::Thirteen,MatchDecisions::Thirteen::ThirteenHearingScheduled,cancel,Client has disengaged,3,false,
MatchRoutes::Thirteen,MatchDecisions::Thirteen::ThirteenHearingScheduled,cancel,Client no longer eligible for match,4,false,
MatchRoutes::Thirteen,MatchDecisions::Thirteen::ThirteenHearingScheduled,cancel,Client received another housing opportunity,5,false,
MatchRoutes::Thirteen,MatchDecisions::Thirteen::ThirteenHearingScheduled,cancel,CORI,6,false,
MatchRoutes::Thirteen,MatchDecisions::Thirteen::ThirteenHearingScheduled,cancel,Health and Safety,7,false,
MatchRoutes::Thirteen,MatchDecisions::Thirteen::ThirteenHearingScheduled,cancel,In Treatment/Recovery Center,8,false,
MatchRoutes::Thirteen,MatchDecisions::Thirteen::ThirteenHearingScheduled,cancel,Incarcerated,9,false,
MatchRoutes::Thirteen,MatchDecisions::Thirteen::ThirteenHearingScheduled,cancel,Institutionalized,10,false,
MatchRoutes::Thirteen,MatchDecisions::Thirteen::ThirteenHearingScheduled,cancel,SORI,11,false,
MatchRoutes::Thirteen,MatchDecisions::Thirteen::ThirteenHearingScheduled,cancel,Vacancy filled by other client,12,false,
MatchRoutes::Thirteen,MatchDecisions::Thirteen::ThirteenHearingScheduled,cancel,Vacancy should not have been entered,13,false,
MatchRoutes::Thirteen,MatchDecisions::Thirteen::ThirteenHearingScheduled,cancel,Other,14,false,
MatchRoutes::Thirteen,MatchDecisions::Thirteen::ThirteenHearingOutcome,decline,Additional screening criteria imposed by third parties,0,true,
MatchRoutes::Thirteen,MatchDecisions::Thirteen::ThirteenHearingOutcome,decline,Client has another housing option,1,true,
MatchRoutes::Thirteen,MatchDecisions::Thirteen::ThirteenHearingOutcome,decline,Client refused offer,2,true,
MatchRoutes::Thirteen,MatchDecisions::Thirteen::ThirteenHearingOutcome,decline,Client refused unit (non-SRO),3,true,
MatchRoutes::Thirteen,MatchDecisions::Thirteen::ThirteenHearingOutcome,decline,Client refused voucher,4,true,
MatchRoutes::Thirteen,MatchDecisions::Thirteen::ThirteenHearingOutcome,decline,CORI,5,true,
MatchRoutes::Thirteen,MatchDecisions::Thirteen::ThirteenHearingOutcome,decline,Does not agree to services,6,true,
MatchRoutes::Thirteen,MatchDecisions::Thirteen::ThirteenHearingOutcome,decline,Does not want housing at this time,7,true,
MatchRoutes::Thirteen,MatchDecisions::Thirteen::ThirteenHearingOutcome,decline,Falsification of documents,8,true,
MatchRoutes::Thirteen,MatchDecisions::Thirteen::ThirteenHearingOutcome,decline,Health and Safety,9,true,
MatchRoutes::Thirteen,MatchDecisions::Thirteen::ThirteenHearingOutcome,decline,Household did not respond after initial acceptance of match,10,true,
MatchRoutes::Thirteen,MatchDecisions::Thirteen::ThirteenHearingOutcome,decline,Ineligible for Housing Program,11,true,
MatchRoutes::Thirteen,MatchDecisions::Thirteen::ThirteenHearingOutcome,decline,SORI,12,true,
MatchRoutes::Thirteen,MatchDecisions::Thirteen::ThirteenHearingOutcome,decline,Unsafe environment for this person,13,true,
MatchRoutes::Thirteen,MatchDecisions::Thirteen::ThirteenHearingOutcome,decline,Unwilling to live in SRO,14,true,
MatchRoutes::Thirteen,MatchDecisions::Thirteen::ThirteenHearingOutcome,decline,Unwilling to live in that neighborhood,15,true,
MatchRoutes::Thirteen,MatchDecisions::Thirteen::ThirteenHearingOutcome,decline,Other,16,false,
MatchRoutes::Thirteen,MatchDecisions::Thirteen::ThirteenHearingOutcome,cancel,Client deceased,0,false,
MatchRoutes::Thirteen,MatchDecisions::Thirteen::ThirteenHearingOutcome,cancel,Client has declined match,1,false,
MatchRoutes::Thirteen,MatchDecisions::Thirteen::ThirteenHearingOutcome,cancel,Client has disappeared,2,false,
MatchRoutes::Thirteen,MatchDecisions::Thirteen::ThirteenHearingOutcome,cancel,Client has disengaged,3,false,
MatchRoutes::Thirteen,MatchDecisions::Thirteen::ThirteenHearingOutcome,cancel,Client no longer eligible for match,4,false,
MatchRoutes::Thirteen,MatchDecisions::Thirteen::ThirteenHearingOutcome,cancel,Client received another housing opportunity,5,false,
MatchRoutes::Thirteen,MatchDecisions::Thirteen::ThirteenHearingOutcome,cancel,CORI,6,false,
MatchRoutes::Thirteen,MatchDecisions::Thirteen::ThirteenHearingOutcome,cancel,Health and Safety,7,false,
MatchRoutes::Thirteen,MatchDecisions::Thirteen::ThirteenHearingOutcome,cancel,In Treatment/Recovery Center,8,false,
MatchRoutes::Thirteen,MatchDecisions::Thirteen::ThirteenHearingOutcome,cancel,Incarcerated,9,false,
MatchRoutes::Thirteen,MatchDecisions::Thirteen::ThirteenHearingOutcome,cancel,Institutionalized,10,false,
MatchRoutes::Thirteen,MatchDecisions::Thirteen::ThirteenHearingOutcome,cancel,SORI,11,false,
MatchRoutes::Thirteen,MatchDecisions::Thirteen::ThirteenHearingOutcome,cancel,Vacancy filled by other client,12,false,
MatchRoutes::Thirteen,MatchDecisions::Thirteen::ThirteenHearingOutcome,cancel,Vacancy should not have been entered,13,false,
MatchRoutes::Thirteen,MatchDecisions::Thirteen::ThirteenHearingOutcome,cancel,Other,14,false,
MatchRoutes::Thirteen,MatchDecisions::Thirteen::ThirteenHsaReview,decline,Additional screening criteria imposed by third parties,0,true,
MatchRoutes::Thirteen,MatchDecisions::Thirteen::ThirteenHsaReview,decline,Client has another housing option,1,true,
MatchRoutes::Thirteen,MatchDecisions::Thirteen::ThirteenHsaReview,decline,Client refused offer,2,true,
MatchRoutes::Thirteen,MatchDecisions::Thirteen::ThirteenHsaReview,decline,Client refused unit (non-SRO),3,true,
MatchRoutes::Thirteen,MatchDecisions::Thirteen::ThirteenHsaReview,decline,Client refused voucher,4,true,
MatchRoutes::Thirteen,MatchDecisions::Thirteen::ThirteenHsaReview,decline,CORI,5,true,
MatchRoutes::Thirteen,MatchDecisions::Thirteen::ThirteenHsaReview,decline,Does not agree to services,6,true,
MatchRoutes::Thirteen,MatchDecisions::Thirteen::ThirteenHsaReview,decline,Does not want housing at this time,7,true,
MatchRoutes::Thirteen,MatchDecisions::Thirteen::ThirteenHsaReview,decline,Falsification of documents,8,true,
MatchRoutes::Thirteen,MatchDecisions::Thirteen::ThirteenHsaReview,decline,Health and Safety,9,true,
MatchRoutes::Thirteen,MatchDecisions::Thirteen::ThirteenHsaReview,decline,Household did not respond after initial acceptance of match,10,true,
MatchRoutes::Thirteen,MatchDecisions::Thirteen::ThirteenHsaReview,decline,Ineligible for Housing Program,11,true,
MatchRoutes::Thirteen,MatchDecisions::Thirteen::ThirteenHsaReview,decline,SORI,12,true,
MatchRoutes::Thirteen,MatchDecisions::Thirteen::ThirteenHsaReview,decline,Unsafe environment for this person,13,true,
MatchRoutes::Thirteen,MatchDecisions::Thirteen::ThirteenHsaReview,decline,Unwilling to live in SRO,14,true,
MatchRoutes::Thirteen,MatchDecisions::Thirteen::ThirteenHsaReview,decline,Unwilling to live in that neighborhood,15,true,
MatchRoutes::Thirteen,MatchDecisions::Thirteen::ThirteenHsaReview,decline,Other,16,false,
MatchRoutes::Thirteen,MatchDecisions::Thirteen::ThirteenHsaReview,cancel,Client deceased,0,false,
MatchRoutes::Thirteen,MatchDecisions::Thirteen::ThirteenHsaReview,cancel,Client has declined match,1,false,
MatchRoutes::Thirteen,MatchDecisions::Thirteen::ThirteenHsaReview,cancel,Client has disappeared,2,false,
MatchRoutes::Thirteen,MatchDecisions::Thirteen::ThirteenHsaReview,cancel,Client has disengaged,3,false,
MatchRoutes::Thirteen,MatchDecisions::Thirteen::ThirteenHsaReview,cancel,Client no longer eligible for match,4,false,
MatchRoutes::Thirteen,MatchDecisions::Thirteen::ThirteenHsaReview,cancel,Client received another housing opportunity,5,false,
MatchRoutes::Thirteen,MatchDecisions::Thirteen::ThirteenHsaReview,cancel,CORI,6,false,
MatchRoutes::Thirteen,MatchDecisions::Thirteen::ThirteenHsaReview,cancel,Health and Safety,7,false,
MatchRoutes::Thirteen,MatchDecisions::Thirteen::ThirteenHsaReview,cancel,In Treatment/Recovery Center,8,false,
MatchRoutes::Thirteen,MatchDecisions::Thirteen::ThirteenHsaReview,cancel,Incarcerated,9,false,
MatchRoutes::Thirteen,MatchDecisions::Thirteen::ThirteenHsaReview,cancel,Institutionalized,10,false,
MatchRoutes::Thirteen,MatchDecisions::Thirteen::ThirteenHsaReview,cancel,SORI,11,false,
MatchRoutes::Thirteen,MatchDecisions::Thirteen::ThirteenHsaReview,cancel,Vacancy filled by other client,12,false,
MatchRoutes::Thirteen,MatchDecisions::Thirteen::ThirteenHsaReview,cancel,Vacancy should not have been entered,13,false,
MatchRoutes::Thirteen,MatchDecisions::Thirteen::ThirteenHsaReview,cancel,Other,14,false,
MatchRoutes::Thirteen,MatchDecisions::Thirteen::ThirteenAcceptReferral,decline,Additional screening criteria imposed by third parties,0,true,
MatchRoutes::Thirteen,MatchDecisions::Thirteen::ThirteenAcceptReferral,decline,Client has another housing option,1,true,
MatchRoutes::Thirteen,MatchDecisions::Thirteen::ThirteenAcceptReferral,decline,Client refused offer,2,true,
MatchRoutes::Thirteen,MatchDecisions::Thirteen::ThirteenAcceptReferral,decline,Client refused unit (non-SRO),3,true,
MatchRoutes::Thirteen,MatchDecisions::Thirteen::ThirteenAcceptReferral,decline,Client refused voucher,4,true,
MatchRoutes::Thirteen,MatchDecisions::Thirteen::ThirteenAcceptReferral,decline,CORI,5,true,
MatchRoutes::Thirteen,MatchDecisions::Thirteen::ThirteenAcceptReferral,decline,Does not agree to services,6,true,
MatchRoutes::Thirteen,MatchDecisions::Thirteen::ThirteenAcceptReferral,decline,Does not want housing at this time,7,true,
MatchRoutes::Thirteen,MatchDecisions::Thirteen::ThirteenAcceptReferral,decline,Falsification of documents,8,true,
MatchRoutes::Thirteen,MatchDecisions::Thirteen::ThirteenAcceptReferral,decline,Health and Safety,9,true,
MatchRoutes::Thirteen,MatchDecisions::Thirteen::ThirteenAcceptReferral,decline,Household did not respond after initial acceptance of match,10,true,
MatchRoutes::Thirteen,MatchDecisions::Thirteen::ThirteenAcceptReferral,decline,Ineligible for Housing Program,11,true,
MatchRoutes::Thirteen,MatchDecisions::Thirteen::ThirteenAcceptReferral,decline,SORI,12,true,
MatchRoutes::Thirteen,MatchDecisions::Thirteen::ThirteenAcceptReferral,decline,Unsafe environment for this person,13,true,
MatchRoutes::Thirteen,MatchDecisions::Thirteen::ThirteenAcceptReferral,decline,Unwilling to live in SRO,14,true,
MatchRoutes::Thirteen,MatchDecisions::Thirteen::ThirteenAcceptReferral,decline,Unwilling to live in that neighborhood,15,true,
MatchRoutes::Thirteen,MatchDecisions::Thirteen::ThirteenAcceptReferral,decline,Other,16,false,
MatchRoutes::Thirteen,MatchDecisions::Thirteen::ThirteenAcceptReferral,cancel,Client deceased,0,false,
MatchRoutes::Thirteen,MatchDecisions::Thirteen::ThirteenAcceptReferral,cancel,Client has declined match,1,false,
MatchRoutes::Thirteen,MatchDecisions::Thirteen::ThirteenAcceptReferral,cancel,Client has disappeared,2,false,
MatchRoutes::Thirteen,MatchDecisions::Thirteen::ThirteenAcceptReferral,cancel,Client has disengaged,3,false,
MatchRoutes::Thirteen,MatchDecisions::Thirteen::ThirteenAcceptReferral,cancel,Client no longer eligible for match,4,false,
MatchRoutes::Thirteen,MatchDecisions::Thirteen::ThirteenAcceptReferral,cancel,Client received another housing opportunity,5,false,
MatchRoutes::Thirteen,MatchDecisions::Thirteen::ThirteenAcceptReferral,cancel,CORI,6,false,
MatchRoutes::Thirteen,MatchDecisions::Thirteen::ThirteenAcceptReferral,cancel,Health and Safety,7,false,
MatchRoutes::Thirteen,MatchDecisions::Thirteen::ThirteenAcceptReferral,cancel,In Treatment/Recovery Center,8,false,
MatchRoutes::Thirteen,MatchDecisions::Thirteen::ThirteenAcceptReferral,cancel,Incarcerated,9,false,
MatchRoutes::Thirteen,MatchDecisions::Thirteen::ThirteenAcceptReferral,cancel,Institutionalized,10,false,
MatchRoutes::Thirteen,MatchDecisions::Thirteen::ThirteenAcceptReferral,cancel,SORI,11,false,
MatchRoutes::Thirteen,MatchDecisions::Thirteen::ThirteenAcceptReferral,cancel,Vacancy filled by other client,12,false,
MatchRoutes::Thirteen,MatchDecisions::Thirteen::ThirteenAcceptReferral,cancel,Vacancy should not have been entered,13,false,
MatchRoutes::Thirteen,MatchDecisions::Thirteen::ThirteenAcceptReferral,cancel,Other,14,false,
MatchRoutes::Thirteen,MatchDecisions::Thirteen::ThirteenConfirmMatchSuccess,cancel,Client deceased,0,false,
MatchRoutes::Thirteen,MatchDecisions::Thirteen::ThirteenConfirmMatchSuccess,cancel,Client has declined match,1,false,
MatchRoutes::Thirteen,MatchDecisions::Thirteen::ThirteenConfirmMatchSuccess,cancel,Client has disappeared,2,false,
MatchRoutes::Thirteen,MatchDecisions::Thirteen::ThirteenConfirmMatchSuccess,cancel,Client has disengaged,3,false,
MatchRoutes::Thirteen,MatchDecisions::Thirteen::ThirteenConfirmMatchSuccess,cancel,Client needs higher level of care,4,false,
MatchRoutes::Thirteen,MatchDecisions::Thirteen::ThirteenConfirmMatchSuccess,cancel,Client no longer eligible for match,5,false,
MatchRoutes::Thirteen,MatchDecisions::Thirteen::ThirteenConfirmMatchSuccess,cancel,Client received another housing opportunity,6,false,
MatchRoutes::Thirteen,MatchDecisions::Thirteen::ThirteenConfirmMatchSuccess,cancel,Incarcerated,7,false,
MatchRoutes::Thirteen,MatchDecisions::Thirteen::ThirteenConfirmMatchSuccess,cancel,Match expired,8,false,
MatchRoutes::Thirteen,MatchDecisions::Thirteen::ThirteenConfirmMatchSuccess,cancel,Unable to reach client after multiple attempts,9,false,
MatchRoutes::Thirteen,MatchDecisions::Thirteen::ThirteenConfirmMatchSuccess,cancel,Vacancy filled by other client,10,false,
MatchRoutes::Thirteen,MatchDecisions::Thirteen::ThirteenConfirmMatchSuccess,cancel,Vacancy should not have been entered,11,false,
MatchRoutes::Thirteen,MatchDecisions::Thirteen::ThirteenConfirmMatchSuccess,cancel,Other,12,false,
